id,first_name,last_name,email,age,group
1,Waverley,Kinnen,wkinnen0@cisco.com,97,WEB
2,Yance,Ilbert,yilbert1@meetup.com,87,C#
3,Amity,Mosson,amosson2@senate.gov,41,C#
4,Benetta,Felderer,bfelderer3@wordpress.org,57,WEB
5,Trev,Holdren,tholdren4@g.co,49,Phootoshop
6,Culver,Savege,csavege5@dell.com,95,C
7,Terry,Candlin,tcandlin6@ibm.com,97,HTML
8,Bryn,Muddiman,bmuddiman7@163.com,21,JS
9,Cosme,Bardnam,cbardnam8@topsy.com,38,Backend
10,Lydia,Kuhn,lkuhn9@parallels.com,78,C#
11,Onfre,Bagger,obaggera@nhs.uk,52,Python
12,Lolita,Mansour,lmansourb@smh.com.au,31,Phootoshop
13,Audre,Snoddy,asnoddyc@sohu.com,33,React
14,Innis,Strettell,istrettelld@hubpages.com,20,HTML
15,Daryle,Sever,dsevere@tamu.edu,55,C++
16,Deeann,Hulcoop,dhulcoopf@mozilla.org,90,Frontend
17,Taylor,Dunn,tdunng@youtu.be,45,Frontend
18,Read,Bradbury,rbradburyh@dot.gov,56,C
19,Heywood,Barkhouse,hbarkhousei@gov.uk,51,C#
20,Vale,Filoniere,vfilonierej@rediff.com,44,Backend
21,Evangeline,Molyneux,emolyneuxk@123-reg.co.uk,73,Frontend
22,Kalinda,Hasnney,khasnneyl@meetup.com,34,C
23,Winny,Dowtry,wdowtrym@upenn.edu,52,React
24,Thurstan,Cuolahan,tcuolahann@toplist.cz,25,Phootoshop
25,Ira,Ramirez,iramirezo@lulu.com,32,C#
26,Rosalia,Sliney,rslineyp@businessweek.com,33,React
27,Myrwyn,Ulyat,mulyatq@unicef.org,70,Frontend
28,Morlee,Teasey,mteaseyr@reverbnation.com,99,Frontend
29,Vasily,Leabeater,vleabeaters@slate.com,56,WEB
30,Ailyn,Diche,adichet@digg.com,78,JS
31,Edgard,Labusquiere,elabusquiereu@time.com,50,Phootoshop
32,Marybeth,Thaim,mthaimv@4shared.com,93,WEB
33,Morgana,Lassey,mlasseyw@sohu.com,91,Python
34,Hakim,Mapowder,hmapowderx@youtu.be,83,PHP
35,Arleyne,Klaff,aklaffy@discovery.com,19,C++
36,Viviana,Coundley,vcoundleyz@google.cn,99,C++
37,Emalia,Hortop,ehortop10@csmonitor.com,84,C++
38,Wileen,Janaszkiewicz,wjanaszkiewicz11@macromedia.com,63,C
39,Mildred,Elstub,melstub12@ed.gov,100,WEB
40,Alika,Seavers,aseavers13@netvibes.com,49,C
41,Eloisa,Wyllis,ewyllis14@gmpg.org,29,WEB
42,Anstice,Demsey,ademsey15@lulu.com,60,HTML
43,Wake,Grainge,wgrainge16@php.net,42,Phootoshop
44,Daryl,Zuann,dzuann17@dailymail.co.uk,25,C
45,Isabella,Pund,ipund18@weebly.com,100,C
46,Nelia,Boddam,nboddam19@opera.com,47,Angular
47,Eddie,Mauvin,emauvin1a@ted.com,98,Phootoshop
48,Lillis,Kopecka,lkopecka1b@51.la,23,Angular
49,Jaime,Mulholland,jmulholland1c@wiley.com,22,Python
50,Karole,Merrington,kmerrington1d@eepurl.com,43,React
51,Brucie,Libermore,blibermore1e@accuweather.com,61,C
52,Helena,Reppaport,hreppaport1f@youtube.com,77,Backend
53,Alasdair,Guyers,aguyers1g@hhs.gov,35,C
54,Marchall,Wedderburn,mwedderburn1h@biblegateway.com,26,PHP
55,Jeno,Spataro,jspataro1i@bloomberg.com,46,PHP
56,Ashley,Isakovic,aisakovic1j@instagram.com,39,C++
57,Forrest,Mandrier,fmandrier1k@nbcnews.com,72,JS
58,Vail,Orteu,vorteu1l@ebay.com,22,JS
59,Perla,Chrstine,pchrstine1m@gizmodo.com,85,Python
60,Mattie,Shill,mshill1n@google.co.uk,23,C#
61,Emanuele,Flexman,eflexman1o@washingtonpost.com,86,Frontend
62,Alec,O' Liddy,aoliddy1p@deliciousdays.com,97,PHP
63,Reagan,Fashion,rfashion1q@google.co.uk,52,JS
64,Rossy,Vereker,rvereker1r@hostgator.com,99,WEB
65,Elicia,Mulroy,emulroy1s@rambler.ru,81,Phootoshop
66,Natale,Skull,nskull1t@npr.org,85,Angular
67,Hattie,Patching,hpatching1u@unicef.org,38,Backend
68,Amelie,Thurlby,athurlby1v@sitemeter.com,36,PHP
69,Jack,Drust,jdrust1w@domainmarket.com,39,Python
70,Eolanda,Diviney,ediviney1x@bigcartel.com,83,Python
71,Carly,Bartke,cbartke1y@soup.io,36,Frontend
72,Clotilda,Pheasey,cpheasey1z@slideshare.net,87,Python
73,Hillary,Woosnam,hwoosnam20@pen.io,27,Frontend
74,Kessiah,Jenckes,kjenckes21@springer.com,91,C++
75,Doralia,Harrop,dharrop22@wiley.com,28,PHP
76,Gale,Sneesby,gsneesby23@goo.gl,37,Angular
77,Reeva,Cutforth,rcutforth24@usgs.gov,80,Python
78,Mickie,Burgan,mburgan25@smugmug.com,80,WEB
79,Brittney,Enterlein,benterlein26@wikimedia.org,39,Python
80,Dael,McHugh,dmchugh27@weather.com,61,React
81,Blinni,Barlas,bbarlas28@nydailynews.com,52,Frontend
82,Abraham,Skacel,askacel29@wordpress.org,74,WEB
83,Tine,Szimon,tszimon2a@unicef.org,61,React
84,Weston,Lauthian,wlauthian2b@wiley.com,70,Frontend
85,Juan,Crighton,jcrighton2c@umich.edu,67,JS
86,Dore,Cobleigh,dcobleigh2d@abc.net.au,46,PHP
87,Mandel,Pietersen,mpietersen2e@sfgate.com,86,Backend
88,Penni,Slyme,pslyme2f@ifeng.com,85,PHP
89,Farrel,Fynn,ffynn2g@studiopress.com,18,Angular
90,Jillian,Yoslowitz,jyoslowitz2h@washingtonpost.com,85,Python
91,Peg,Messom,pmessom2i@joomla.org,100,C++
92,Samantha,Skillern,sskillern2j@cbsnews.com,41,Python
93,Madelina,Morland,mmorland2k@kickstarter.com,19,React
94,Aleece,Wornham,awornham2l@wunderground.com,94,Python
95,Allistir,Freire,afreire2m@g.co,83,Python
96,Vernon,Ebdon,vebdon2n@redcross.org,21,HTML
97,Brigitta,O' Donohoe,bodonohoe2o@lycos.com,28,JS
98,Lukas,Spurdens,lspurdens2p@hexun.com,39,C
99,Cristian,Lafrentz,clafrentz2q@tripadvisor.com,50,Angular
100,Ricky,Heaffey,rheaffey2r@microsoft.com,50,Angular
101,Coriss,MacTrustie,cmactrustie2s@adobe.com,93,HTML
102,Christi,Farnham,cfarnham2t@theatlantic.com,23,C
103,Wilhelm,Causon,wcauson2u@bbb.org,31,React
104,Katherine,Blanchet,kblanchet2v@eepurl.com,67,C
105,Israel,Guinnane,iguinnane2w@imgur.com,92,Angular
106,Sophronia,Trunkfield,strunkfield2x@hubpages.com,100,Frontend
107,Simmonds,MacAlister,smacalister2y@ehow.com,70,Python
108,Freddie,Trencher,ftrencher2z@jiathis.com,69,Phootoshop
109,Linnell,Willgress,lwillgress30@devhub.com,89,Angular
110,Sargent,Spurrior,sspurrior31@house.gov,92,Python
111,Nani,Bethel,nbethel32@latimes.com,74,HTML
112,Harwell,Ancliffe,hancliffe33@over-blog.com,78,C#
113,Janella,Galloway,jgalloway34@accuweather.com,45,C#
114,Kitty,MacIver,kmaciver35@odnoklassniki.ru,59,Angular
115,Dinah,Hrishchenko,dhrishchenko36@berkeley.edu,47,Python
116,Van,Kelemen,vkelemen37@biglobe.ne.jp,56,C++
117,Penrod,Fedder,pfedder38@go.com,29,Python
118,Josephine,Bendson,jbendson39@themeforest.net,30,HTML
119,Lenna,Siman,lsiman3a@si.edu,21,C++
120,Drucie,Conaghy,dconaghy3b@nyu.edu,91,Python
121,Clair,Espinoy,cespinoy3c@europa.eu,73,JS
122,Alessandra,Jonsson,ajonsson3d@squidoo.com,82,WEB
123,Dunc,Trotter,dtrotter3e@mail.ru,72,React
124,Mildrid,Creagh,mcreagh3f@cocolog-nifty.com,74,C
125,Mirabella,Musto,mmusto3g@cocolog-nifty.com,37,Frontend
126,Madeline,Playford,mplayford3h@google.ru,50,JS
127,Ricki,Shoesmith,rshoesmith3i@amazon.de,71,WEB
128,Rori,Kett,rkett3j@multiply.com,61,Angular
129,Dianna,Deshon,ddeshon3k@usatoday.com,87,C#
130,Blinny,Emerton,bemerton3l@tamu.edu,93,C++
131,Nadine,Whitnall,nwhitnall3m@yandex.ru,73,JS
132,Linnea,Kun,lkun3n@berkeley.edu,42,Frontend
133,Cathe,Grenshields,cgrenshields3o@alexa.com,70,Angular
134,Roch,Cornewell,rcornewell3p@oaic.gov.au,77,Phootoshop
135,Mignonne,Hingeley,mhingeley3q@google.com.au,36,C#
136,Filbert,Butte,fbutte3r@google.pl,79,Backend
137,Ambrosi,Loynes,aloynes3s@plala.or.jp,27,Frontend
138,Jeth,Beers,jbeers3t@hc360.com,41,C++
139,Reginald,Joire,rjoire3u@ox.ac.uk,70,React
140,Catriona,Keynd,ckeynd3v@usda.gov,33,C
141,Thaxter,Jansey,tjansey3w@skype.com,32,Angular
142,Avivah,Castagne,acastagne3x@ustream.tv,52,C++
143,Ulrich,McCrae,umccrae3y@google.com.au,86,Frontend
144,Maura,Slee,mslee3z@tiny.cc,79,C#
145,Perice,Birkhead,pbirkhead40@census.gov,97,Python
146,Lise,Vanyushin,lvanyushin41@cisco.com,53,Frontend
147,Thor,Young,tyoung42@soundcloud.com,33,Phootoshop
148,Clemente,Joicey,cjoicey43@example.com,98,C
149,Deedee,Ecclestone,decclestone44@tripadvisor.com,73,WEB
150,Winfield,De Francesco,wdefrancesco45@com.com,44,JS
151,Debora,Roberto,droberto46@earthlink.net,58,C#
152,Rick,Bosden,rbosden47@artisteer.com,44,Angular
153,Maxy,Hunnable,mhunnable48@google.co.uk,84,Python
154,Suzy,Baumler,sbaumler49@bloglines.com,51,Backend
155,Clarisse,Tremmil,ctremmil4a@facebook.com,100,Angular
156,Dougie,Neligan,dneligan4b@youtu.be,23,C++
157,Vite,Stiff,vstiff4c@i2i.jp,40,HTML
158,Paulita,Borghese,pborghese4d@alibaba.com,30,WEB
159,Ursala,MacAvddy,umacavddy4e@auda.org.au,100,Backend
160,Evangeline,Summerscales,esummerscales4f@slideshare.net,98,Angular
161,Morey,Imeson,mimeson4g@devhub.com,53,Backend
162,Vanya,Ruben,vruben4h@arizona.edu,83,PHP
163,Buckie,Gonnelly,bgonnelly4i@ehow.com,40,PHP
164,Guntar,Blenkhorn,gblenkhorn4j@army.mil,66,C++
165,Denys,Broker,dbroker4k@psu.edu,46,React
166,Warde,Skiggs,wskiggs4l@bloglovin.com,59,C#
167,Blondelle,Wonfar,bwonfar4m@adobe.com,46,Python
168,Madelaine,Juara,mjuara4n@wix.com,61,Phootoshop
169,Mace,Mucklo,mmucklo4o@drupal.org,32,C++
170,Sidoney,Brownjohn,sbrownjohn4p@shutterfly.com,89,Angular
171,Elmer,Dursley,edursley4q@businessweek.com,56,HTML
172,Shina,Lathleiffure,slathleiffure4r@usgs.gov,68,Backend
173,Allis,Schroder,aschroder4s@answers.com,90,Angular
174,Nathanial,Light,nlight4t@naver.com,89,Angular
175,Sarajane,Daniel,sdaniel4u@t-online.de,26,PHP
176,Janel,Prentice,jprentice4v@google.ru,93,React
177,Nikaniki,Hofton,nhofton4w@ameblo.jp,54,Angular
178,Kristoffer,Normand,knormand4x@feedburner.com,73,JS
179,Lenora,Scotsbrook,lscotsbrook4y@i2i.jp,20,C++
180,Frans,Ceaplen,fceaplen4z@parallels.com,54,C
181,Zabrina,Fairfoull,zfairfoull50@illinois.edu,79,Backend
182,Anthe,Chalke,achalke51@chicagotribune.com,54,WEB
183,Shawna,Jone,sjone52@squarespace.com,23,C#
184,Welby,Dietz,wdietz53@blinklist.com,97,Angular
185,Jacques,Libbie,jlibbie54@symantec.com,27,WEB
186,Ado,Ceresa,aceresa55@bloomberg.com,29,Frontend
187,Clemmie,Cranfield,ccranfield56@myspace.com,49,Backend
188,Romeo,Strathman,rstrathman57@csmonitor.com,50,Python
189,Adham,Houldin,ahouldin58@ibm.com,45,Frontend
190,Tucky,Clyne,tclyne59@arstechnica.com,66,Frontend
191,Brunhilde,Trunkfield,btrunkfield5a@multiply.com,24,C#
192,Gussie,McFall,gmcfall5b@rambler.ru,96,Backend
193,Padgett,Grishanin,pgrishanin5c@smh.com.au,23,Python
194,Curcio,Josephov,cjosephov5d@symantec.com,41,WEB
195,Saxe,Faucherand,sfaucherand5e@dedecms.com,76,C
196,Rakel,Hardisty,rhardisty5f@quantcast.com,99,Angular
197,Frederico,Brookbank,fbrookbank5g@guardian.co.uk,22,C#
198,Pancho,Sara,psara5h@icq.com,54,HTML
199,Mariya,Beccera,mbeccera5i@ameblo.jp,51,Angular
200,Jenelle,Borris,jborris5j@miibeian.gov.cn,92,C
201,Ulrike,Ellerington,uellerington5k@themeforest.net,70,HTML
202,Maddie,Norgan,mnorgan5l@domainmarket.com,55,C#
203,Antone,Vennard,avennard5m@intel.com,67,WEB
204,Saloma,Foskett,sfoskett5n@hp.com,19,Frontend
205,Kippar,Shirland,kshirland5o@chicagotribune.com,82,Angular
206,Philbert,Fippe,pfippe5p@thetimes.co.uk,35,Frontend
207,Berti,McCane,bmccane5q@xing.com,40,WEB
208,Domenico,Leadley,dleadley5r@toplist.cz,24,C++
209,Gery,Shatliff,gshatliff5s@msu.edu,95,HTML
210,Armstrong,Sarl,asarl5t@a8.net,51,Frontend
211,Anabal,Croasdale,acroasdale5u@digg.com,70,JS
212,Aurora,Swatridge,aswatridge5v@msu.edu,79,Frontend
213,Darice,Hadeke,dhadeke5w@g.co,46,React
214,Jarad,Richardsson,jrichardsson5x@hibu.com,67,C++
215,Winn,Clouter,wclouter5y@va.gov,60,Backend
216,Lani,Loach,lloach5z@ucoz.com,87,Phootoshop
217,Ainsley,Faunch,afaunch60@house.gov,73,React
218,Sybille,Tomsa,stomsa61@tinyurl.com,90,PHP
219,Darb,Candlin,dcandlin62@census.gov,35,JS
220,Pauline,Crabb,pcrabb63@booking.com,61,Frontend
221,Allayne,Kornousek,akornousek64@mapquest.com,80,Angular
222,Marabel,Mapother,mmapother65@craigslist.org,37,C#
223,Gayelord,Lathwood,glathwood66@princeton.edu,95,Angular
224,Suki,Cleyburn,scleyburn67@trellian.com,52,HTML
225,Benyamin,Daymond,bdaymond68@tripadvisor.com,21,JS
226,Doralyn,Paoletti,dpaoletti69@theglobeandmail.com,45,C
227,Urbain,MacKniely,umackniely6a@vimeo.com,18,Backend
228,Phedra,Clevely,pclevely6b@domainmarket.com,27,Phootoshop
229,Felix,Eynon,feynon6c@theatlantic.com,55,Angular
230,Hollyanne,Whiteford,hwhiteford6d@furl.net,89,C#
231,Danette,Flatman,dflatman6e@ox.ac.uk,24,WEB
232,Phebe,Spittal,pspittal6f@google.com.au,88,C++
233,Gage,Fillan,gfillan6g@epa.gov,33,HTML
234,Bancroft,Rosenfield,brosenfield6h@ameblo.jp,48,Python
235,Darby,Fennessy,dfennessy6i@so-net.ne.jp,72,WEB
236,Dorita,Easeman,deaseman6j@blogger.com,60,Phootoshop
237,Nowell,Smorfit,nsmorfit6k@blogtalkradio.com,48,C++
238,Mariette,Sapwell,msapwell6l@reddit.com,94,Frontend
239,Robbert,Gennrich,rgennrich6m@biglobe.ne.jp,32,Python
240,Gonzales,Ainscow,gainscow6n@4shared.com,52,C#
241,Ax,Youngman,ayoungman6o@state.gov,89,Python
242,Kevon,Lyston,klyston6p@nifty.com,40,PHP
243,Joelie,Enoch,jenoch6q@ning.com,24,Backend
244,Selestina,Jeaneau,sjeaneau6r@dropbox.com,43,React
245,Jackelyn,Dowthwaite,jdowthwaite6s@vistaprint.com,30,Backend
246,Nikkie,Heams,nheams6t@nba.com,90,Frontend
247,Joey,Bartolomeotti,jbartolomeotti6u@canalblog.com,34,Backend
248,Tiffanie,Bangley,tbangley6v@yale.edu,89,React
249,Hewitt,Carss,hcarss6w@bbc.co.uk,37,C++
250,Conrade,Kislingbury,ckislingbury6x@devhub.com,87,Backend
251,Goldy,Maasze,gmaasze6y@exblog.jp,45,C
252,Clive,Kalf,ckalf6z@samsung.com,93,WEB
253,Ceciley,Tousey,ctousey70@about.me,100,HTML
254,Belicia,Bedder,bbedder71@amazon.de,67,PHP
255,Kienan,Lawler,klawler72@prnewswire.com,71,Backend
256,Keen,Chantrell,kchantrell73@cornell.edu,77,Frontend
257,Robinet,Hastings,rhastings74@foxnews.com,21,WEB
258,Reube,Trustram,rtrustram75@accuweather.com,94,Backend
259,Corney,Noe,cnoe76@hostgator.com,95,JS
260,Marietta,Duding,mduding77@gov.uk,65,JS
261,Dianne,Dudgeon,ddudgeon78@pcworld.com,42,Phootoshop
262,Siward,Smiz,ssmiz79@fema.gov,87,WEB
263,Sayre,Ashbee,sashbee7a@ucoz.com,83,Python
264,Talya,Gow,tgow7b@addthis.com,37,Phootoshop
265,Weston,Snufflebottom,wsnufflebottom7c@gizmodo.com,96,C#
266,Rosamond,Master,rmaster7d@chronoengine.com,26,PHP
267,Thorsten,Ventura,tventura7e@hc360.com,100,React
268,Goldia,Getsham,ggetsham7f@wikipedia.org,42,React
269,Fionna,Wetherill,fwetherill7g@flickr.com,94,Backend
270,Edin,Eldridge,eeldridge7h@newyorker.com,90,PHP
271,Thalia,Charity,tcharity7i@howstuffworks.com,32,Python
272,Crosby,Macari,cmacari7j@nasa.gov,80,HTML
273,Christen,Reynold,creynold7k@acquirethisname.com,69,C#
274,Clarette,Capstaff,ccapstaff7l@latimes.com,46,C#
275,Brook,Dellatorre,bdellatorre7m@opera.com,58,C
276,Gene,Birkwood,gbirkwood7n@last.fm,58,React
277,Erich,Coushe,ecoushe7o@networkadvertising.org,100,Frontend
278,Marion,McShirrie,mmcshirrie7p@intel.com,41,PHP
279,Scot,Kahler,skahler7q@tiny.cc,30,Angular
280,Joanie,Goodhand,jgoodhand7r@nationalgeographic.com,67,C
281,Gerik,Abby,gabby7s@ask.com,28,Python
282,Eolanda,McRory,emcrory7t@sitemeter.com,24,C#
283,Katha,Mealiffe,kmealiffe7u@china.com.cn,55,Angular
284,Renie,Browett,rbrowett7v@tiny.cc,26,HTML
285,Marge,Skill,mskill7w@hp.com,91,Frontend
286,Vladimir,Priddey,vpriddey7x@miitbeian.gov.cn,23,HTML
287,Sophia,Teliga,steliga7y@archive.org,85,C++
288,Westleigh,Frankling,wfrankling7z@ucoz.com,69,WEB
289,Townie,Giorgioni,tgiorgioni80@yolasite.com,96,PHP
290,Izabel,Scirman,iscirman81@usatoday.com,28,PHP
291,Northrup,McKinney,nmckinney82@addtoany.com,90,Phootoshop
292,Maryellen,Frampton,mframpton83@indiatimes.com,61,Python
293,Gena,Tures,gtures84@ucla.edu,59,WEB
294,Jimmy,Nicholl,jnicholl85@e-recht24.de,71,C
295,Petey,Danilovic,pdanilovic86@wikispaces.com,33,Python
296,Daniele,Lancashire,dlancashire87@meetup.com,100,Angular
297,Dacia,Netley,dnetley88@latimes.com,33,Angular
298,Zacharias,Ikin,zikin89@nydailynews.com,41,PHP
299,Jenn,Tithecott,jtithecott8a@pbs.org,83,PHP
300,Laurella,Janman,ljanman8b@globo.com,40,Angular
301,Patrizius,Alred,palred8c@timesonline.co.uk,81,JS
302,Aristotle,Seiller,aseiller8d@cisco.com,44,Backend
303,Kathryn,Lattimer,klattimer8e@sitemeter.com,45,React
304,Elisha,Pickavant,epickavant8f@cbc.ca,85,C++
305,Marcela,Thay,mthay8g@wordpress.org,67,WEB
306,Jere,Vowles,jvowles8h@slideshare.net,83,WEB
307,Orv,Presshaugh,opresshaugh8i@usgs.gov,61,WEB
308,Joseito,Hinkensen,jhinkensen8j@cmu.edu,27,JS
309,Alec,Churchman,achurchman8k@smugmug.com,100,Backend
310,Aubree,Wishart,awishart8l@addtoany.com,84,Python
311,Electra,Shafier,eshafier8m@independent.co.uk,51,C
312,Twila,Waller-Bridge,twallerbridge8n@skyrock.com,30,JS
313,Vi,De Metz,vdemetz8o@discovery.com,30,Backend
314,Mattheus,Pepon,mpepon8p@cornell.edu,29,Frontend
315,Dani,Pautot,dpautot8q@auda.org.au,27,C
316,Joannes,Pringley,jpringley8r@army.mil,84,React
317,Leo,Betham,lbetham8s@paypal.com,41,C
318,Reyna,Faull,rfaull8t@ehow.com,52,Phootoshop
319,Elden,Wheelton,ewheelton8u@webeden.co.uk,41,HTML
320,Willette,Cheater,wcheater8v@wufoo.com,89,JS
321,Don,Castelli,dcastelli8w@un.org,68,C#
322,Noby,Haucke,nhaucke8x@tamu.edu,93,JS
323,Elna,Kelwick,ekelwick8y@instagram.com,91,Python
324,Bay,Wickett,bwickett8z@ifeng.com,19,PHP
325,Obidiah,Squires,osquires90@ameblo.jp,54,Backend
326,Zola,Philipet,zphilipet91@t.co,32,C++
327,Falkner,Soares,fsoares92@purevolume.com,81,Angular
328,Reggie,Guyan,rguyan93@cloudflare.com,37,React
329,Chryste,Hanselman,chanselman94@linkedin.com,95,PHP
330,Rog,Edworthy,redworthy95@weibo.com,20,WEB
331,Ekaterina,Yurinov,eyurinov96@narod.ru,48,JS
332,Jojo,Boissier,jboissier97@ibm.com,55,Phootoshop
333,Charlton,Brodhead,cbrodhead98@infoseek.co.jp,31,C#
334,Wenona,Chessil,wchessil99@irs.gov,39,C
335,Thedrick,Vallentin,tvallentin9a@vk.com,24,PHP
336,Cathlene,Pirdue,cpirdue9b@go.com,57,C
337,Ali,Birdsey,abirdsey9c@ucla.edu,41,JS
338,Ag,Nyland,anyland9d@ucoz.ru,89,HTML
339,Nathanael,Tour,ntour9e@engadget.com,63,WEB
340,Wally,Spight,wspight9f@dailymotion.com,94,PHP
341,Skipp,Dominicacci,sdominicacci9g@ftc.gov,28,Python
342,Clemens,O'Halloran,cohalloran9h@alexa.com,33,Python
343,Annetta,Earngy,aearngy9i@bing.com,38,JS
344,Ranna,Olivier,rolivier9j@huffingtonpost.com,94,Backend
345,Phillie,Rubega,prubega9k@who.int,94,Backend
346,Adriane,Sandaver,asandaver9l@mapquest.com,18,Frontend
347,Cristal,Mathouse,cmathouse9m@taobao.com,53,HTML
348,Laughton,Sanja,lsanja9n@mail.ru,87,Python
349,Dana,Humber,dhumber9o@dot.gov,94,Angular
350,Tallou,de Clercq,tdeclercq9p@sfgate.com,75,Phootoshop
351,Tiffany,Schusterl,tschusterl9q@mediafire.com,59,JS
352,Evita,Frandsen,efrandsen9r@google.it,75,Angular
353,Twila,Bakey,tbakey9s@mit.edu,98,JS
354,Thea,Pierrepont,tpierrepont9t@who.int,46,Angular
355,Edee,Jopson,ejopson9u@statcounter.com,19,React
356,Avivah,Berrie,aberrie9v@icio.us,83,Frontend
357,Shirline,Aitkin,saitkin9w@mtv.com,69,React
358,Flore,Londing,flonding9x@elegantthemes.com,44,Backend
359,Stanleigh,Fitzsymons,sfitzsymons9y@google.com.hk,18,React
360,Delinda,Frome,dfrome9z@washington.edu,59,C++
361,Gil,McCorkell,gmccorkella0@irs.gov,21,Angular
362,Janis,Smieton,jsmietona1@goo.ne.jp,25,HTML
363,Gabbi,Bargery,gbargerya2@aol.com,86,PHP
364,Zedekiah,Battson,zbattsona3@behance.net,91,Frontend
365,Nicky,Paiton,npaitona4@arizona.edu,66,Backend
366,Jabez,Vaudin,jvaudina5@joomla.org,86,C++
367,Abra,Cullinane,acullinanea6@jalbum.net,80,JS
368,Lydie,Perri,lperria7@pcworld.com,93,HTML
369,Marjie,Frostdyke,mfrostdykea8@npr.org,87,WEB
370,Erastus,Crallan,ecrallana9@opensource.org,84,C++
371,Ekaterina,Plose,eploseaa@creativecommons.org,37,Angular
372,Aubry,Southern,asouthernab@state.tx.us,62,Phootoshop
373,Wayland,Ralls,wrallsac@baidu.com,53,WEB
374,Jocelyne,Tremayne,jtremaynead@creativecommons.org,55,JS
375,Rolf,Aldrin,raldrinae@cmu.edu,51,C++
376,Kincaid,Pach,kpachaf@e-recht24.de,46,WEB
377,Rubina,Treat,rtreatag@bloglovin.com,65,Phootoshop
378,Red,Wille,rwilleah@java.com,24,Python
379,Jesse,Abramino,jabraminoai@privacy.gov.au,33,WEB
380,Max,Haining,mhainingaj@lulu.com,72,C#
381,Braden,Skunes,bskunesak@dion.ne.jp,29,React
382,Lindon,Yglesias,lyglesiasal@jiathis.com,80,C#
383,Hewitt,Greensted,hgreenstedam@wsj.com,89,Python
384,Ramonda,Crossfield,rcrossfieldan@biblegateway.com,25,WEB
385,Marjie,Randell,mrandellao@cam.ac.uk,75,Frontend
386,Lorie,Brawson,lbrawsonap@geocities.jp,93,React
387,Sutherland,Ziem,sziemaq@elpais.com,36,Backend
388,Wayne,Skinner,wskinnerar@ebay.co.uk,85,C
389,Barr,Cowland,bcowlandas@un.org,39,React
390,Amory,Davidou,adavidouat@un.org,95,Frontend
391,Arne,Bockman,abockmanau@state.gov,25,C++
392,Amelia,Feeley,afeeleyav@vistaprint.com,29,WEB
393,Tonye,Caghan,tcaghanaw@earthlink.net,68,C++
394,Miguelita,Lyons,mlyonsax@nyu.edu,58,Python
395,Elna,Jayne,ejayneay@surveymonkey.com,50,Frontend
396,Merle,Spitell,mspitellaz@hp.com,18,C
397,Emmet,Schwier,eschwierb0@cafepress.com,21,C++
398,Tamarra,Breache,tbreacheb1@yelp.com,81,C#
399,Quintilla,Grunson,qgrunsonb2@ebay.co.uk,63,C
400,Brittani,Weddeburn - Scrimgeour,bweddeburnscrimgeourb3@topsy.com,64,Backend
401,Colline,McClurg,cmcclurgb4@google.com.au,27,C++
402,Virginie,Omrod,vomrodb5@yahoo.co.jp,77,PHP
403,Benjy,Espinho,bespinhob6@who.int,21,C++
404,Adamo,O'Dyvoy,aodyvoyb7@omniture.com,65,C
405,Angelico,Ginnane,aginnaneb8@newsvine.com,95,Phootoshop
406,Cello,Grgic,cgrgicb9@i2i.jp,97,HTML
407,Adams,Sturr,asturrba@illinois.edu,70,Python
408,Cristobal,Hazelby,chazelbybb@constantcontact.com,20,Backend
409,Joni,Niesegen,jniesegenbc@sfgate.com,46,Angular
410,Halley,Batting,hbattingbd@discovery.com,50,WEB
411,Garald,Vause,gvausebe@spotify.com,31,JS
412,Amii,Hammarberg,ahammarbergbf@shop-pro.jp,20,Phootoshop
413,Nicol,Strettell,nstrettellbg@mapy.cz,56,Frontend
414,Selie,Childs,schildsbh@narod.ru,95,Frontend
415,Kip,Snuggs,ksnuggsbi@alexa.com,60,Frontend
416,Mace,Tuft,mtuftbj@cornell.edu,98,C
417,Shelden,Maharry,smaharrybk@europa.eu,40,C#
418,Orel,Southern,osouthernbl@istockphoto.com,23,Angular
419,Giustina,Greyes,ggreyesbm@dropbox.com,86,Backend
420,Andromache,Stairs,astairsbn@bing.com,90,Frontend
421,Rodolphe,Noah,rnoahbo@icq.com,56,Angular
422,Piotr,Stubbe,pstubbebp@t-online.de,66,PHP
423,Amanda,Gresswell,agresswellbq@123-reg.co.uk,23,React
424,Amalea,Burrett,aburrettbr@columbia.edu,76,Python
425,Cam,Game,cgamebs@histats.com,24,PHP
426,Martie,Mochar,mmocharbt@java.com,77,C
427,Zabrina,Valasek,zvalasekbu@yolasite.com,68,PHP
428,Page,Muglestone,pmuglestonebv@tripod.com,53,WEB
429,Ertha,Maywood,emaywoodbw@deviantart.com,66,Frontend
430,Nerty,Stayte,nstaytebx@usgs.gov,35,JS
431,Regine,Giotto,rgiottoby@sbwire.com,83,C#
432,Kerry,Tamburo,ktamburobz@twitter.com,63,C++
433,Berkeley,Bresnen,bbresnenc0@boston.com,72,React
434,Kalinda,Farnill,kfarnillc1@smugmug.com,57,HTML
435,Tessi,Pinchen,tpinchenc2@unesco.org,31,Phootoshop
436,Lindsy,Weedenburg,lweedenburgc3@hatena.ne.jp,26,HTML
437,Fallon,Gatling,fgatlingc4@fc2.com,64,Frontend
438,Bernadene,Dalgarnowch,bdalgarnowchc5@goodreads.com,81,HTML
439,Elena,Whyffen,ewhyffenc6@adobe.com,63,C
440,Latia,Lukasik,llukasikc7@smugmug.com,37,C
441,Aidan,Templar,atemplarc8@admin.ch,59,Phootoshop
442,Ashly,Bellworthy,abellworthyc9@dyndns.org,20,Backend
443,Giffy,Poulney,gpoulneyca@istockphoto.com,41,C#
444,Nataline,Twinn,ntwinncb@house.gov,77,C
445,Garwood,Clavey,gclaveycc@photobucket.com,72,Backend
446,Abram,Stigger,astiggercd@japanpost.jp,22,C++
447,Gleda,Blizard,gblizardce@hexun.com,42,WEB
448,Helen-elizabeth,Hellard,hhellardcf@msu.edu,69,HTML
449,Jeffie,Quarlis,jquarliscg@hostgator.com,59,C
450,Shel,Quig,squigch@so-net.ne.jp,59,Python
451,Iseabal,Hughes,ihughesci@loc.gov,30,Angular
452,Nichole,Peffer,npeffercj@house.gov,76,Python
453,Davon,Garnul,dgarnulck@spiegel.de,53,Angular
454,Annabell,Clemenzo,aclemenzocl@technorati.com,100,HTML
455,Feliza,Howsden,fhowsdencm@fda.gov,99,Phootoshop
456,Dylan,Libbe,dlibbecn@slideshare.net,70,Python
457,Putnem,Scanlin,pscanlinco@netvibes.com,44,PHP
458,Barclay,Mortimer,bmortimercp@usda.gov,80,Phootoshop
459,Steffen,Robken,srobkencq@desdev.cn,64,React
460,Marinna,Butt,mbuttcr@ihg.com,41,React
461,Phillie,Blondell,pblondellcs@globo.com,57,Backend
462,Debor,Esche,deschect@uol.com.br,30,C#
463,Bentley,Dzeniskevich,bdzeniskevichcu@ning.com,25,Angular
464,Orbadiah,Pioch,opiochcv@blogspot.com,97,PHP
465,Ned,Fildes,nfildescw@so-net.ne.jp,43,WEB
466,Booth,Monketon,bmonketoncx@seattletimes.com,78,Backend
467,Elnore,Guichard,eguichardcy@hud.gov,21,WEB
468,Franz,De Bruijn,fdebruijncz@angelfire.com,87,Angular
469,Koo,Shoulders,kshouldersd0@berkeley.edu,19,C
470,Bobbe,Asher,basherd1@people.com.cn,61,C
471,Grant,Orbell,gorbelld2@twitter.com,35,React
472,Viki,Albertson,valbertsond3@vkontakte.ru,22,Frontend
473,Arlena,Colthurst,acolthurstd4@multiply.com,37,PHP
474,Orbadiah,Saunter,osaunterd5@mail.ru,53,Phootoshop
475,Michaela,Purkess,mpurkessd6@howstuffworks.com,65,C
476,Gregory,Ringsell,gringselld7@google.com,43,HTML
477,Gil,Sommerland,gsommerlandd8@ucoz.com,50,React
478,Powell,Erbain,perbaind9@comsenz.com,86,React
479,Fin,Paumier,fpaumierda@seattletimes.com,33,WEB
480,Freedman,Crevagh,fcrevaghdb@craigslist.org,25,Angular
481,Mariann,Attrill,mattrilldc@google.es,24,WEB
482,Lizabeth,Durrance,ldurrancedd@loc.gov,57,WEB
483,Aurore,Haney`,ahaneyde@ovh.net,46,C#
484,Sibelle,MacCaig,smaccaigdf@ucla.edu,38,Python
485,Ulla,Kopecka,ukopeckadg@cornell.edu,25,C
486,Pascal,Quenby,pquenbydh@yolasite.com,94,React
487,Kelsey,Crauford,kcrauforddi@woothemes.com,78,Frontend
488,Jere,Alcock,jalcockdj@weather.com,57,Angular
489,Anne-marie,Wiltshaw,awiltshawdk@constantcontact.com,41,PHP
490,Felike,Mafham,fmafhamdl@umich.edu,68,C#
491,Shae,Schimoni,sschimonidm@sciencedaily.com,58,C++
492,Brannon,Maffiotti,bmaffiottidn@google.nl,50,PHP
493,Roxie,Pilcher,rpilcherdo@discovery.com,87,Backend
494,Pren,Doddrell,pdoddrelldp@blinklist.com,38,React
495,Cully,Morland,cmorlanddq@who.int,31,Frontend
496,Buck,Lenin,blenindr@about.me,53,C#
497,Delmer,Bagnold,dbagnoldds@mapy.cz,38,Backend
498,Lincoln,Sevitt,lsevittdt@acquirethisname.com,44,Angular
499,Alicia,Rudyard,arudyarddu@example.com,44,HTML
500,Scotty,Woltering,swolteringdv@spotify.com,69,C++
501,Amanda,Igglesden,aigglesdendw@geocities.com,86,Angular
502,Melicent,Bertwistle,mbertwistledx@paginegialle.it,48,React
503,Gwennie,Spindler,gspindlerdy@vkontakte.ru,34,HTML
504,Amby,Melliard,amelliarddz@flickr.com,19,WEB
505,Jayme,Kasting,jkastinge0@intel.com,62,React
506,Melania,Goldstraw,mgoldstrawe1@gizmodo.com,48,C
507,Chickie,Giacomini,cgiacominie2@goo.gl,60,Python
508,Crichton,Alessandrucci,calessandruccie3@sun.com,24,WEB
509,York,Careswell,ycareswelle4@usa.gov,40,HTML
510,Grier,McAughtry,gmcaughtrye5@storify.com,32,C
511,Nanci,Athy,nathye6@symantec.com,47,PHP
512,Quincey,Newarte,qnewartee7@foxnews.com,82,HTML
513,Justinn,Nary,jnarye8@whitehouse.gov,65,HTML
514,Lyle,Bugg,lbugge9@mtv.com,85,JS
515,Moria,Joynes,mjoynesea@photobucket.com,59,HTML
516,Ellwood,Guly,egulyeb@japanpost.jp,39,Python
517,Erie,Ainley,eainleyec@ca.gov,46,HTML
518,Brigid,Sleight,bsleighted@sitemeter.com,32,Frontend
519,Thea,Potticary,tpotticaryee@dedecms.com,22,C++
520,Dael,Crankshaw,dcrankshawef@hostgator.com,69,HTML
521,Pip,Krugmann,pkrugmanneg@alexa.com,79,JS
522,Bentley,Komorowski,bkomorowskieh@dmoz.org,53,C#
523,Merissa,Marczyk,mmarczykei@japanpost.jp,72,Phootoshop
524,Anestassia,Bonsall,abonsallej@cbc.ca,82,WEB
525,Merrel,Hofton,mhoftonek@wordpress.com,18,C++
526,Page,Gibby,pgibbyel@nydailynews.com,52,JS
527,Manon,Junkin,mjunkinem@slate.com,83,React
528,Di,Marland,dmarlanden@joomla.org,21,Backend
529,Jordanna,Speck,jspeckeo@chicagotribune.com,58,C
530,Roland,Rabbatts,rrabbattsep@google.com.au,19,Angular
531,Gene,Mabon,gmaboneq@meetup.com,80,C
532,Honor,Redfearn,hredfearner@blogs.com,72,C++
533,Earl,Cappleman,ecapplemanes@devhub.com,43,C++
534,Ernest,Feltoe,efeltoeet@disqus.com,86,React
535,Mahmoud,Foot,mfooteu@privacy.gov.au,24,Backend
536,Peyter,Grinyer,pgrinyerev@bizjournals.com,23,C
537,Arline,Dimmick,adimmickew@sciencedaily.com,28,C
538,Norina,Wagnerin,nwagnerinex@thetimes.co.uk,95,PHP
539,Ugo,Garnam,ugarnamey@nyu.edu,47,Angular
540,Alyson,Feveryear,afeveryearez@hud.gov,95,Frontend
541,Wernher,Mellmer,wmellmerf0@netscape.com,67,Frontend
542,Burt,Prowting,bprowtingf1@t.co,48,Frontend
543,Eleen,Kittles,ekittlesf2@woothemes.com,26,Python
544,Roxana,Looker,rlookerf3@wordpress.org,58,C++
545,Brodie,Gaber,bgaberf4@cloudflare.com,93,WEB
546,Maurice,Obispo,mobispof5@delicious.com,49,React
547,Bree,Clunan,bclunanf6@fc2.com,74,C
548,Viviana,Pim,vpimf7@google.com.hk,62,Backend
549,Eulalie,Slimings,eslimingsf8@sogou.com,91,PHP
550,Kesley,Ivins,kivinsf9@mysql.com,59,C
551,Shep,Brosoli,sbrosolifa@twitter.com,87,Frontend
552,Felipe,Kindleysides,fkindleysidesfb@omniture.com,98,C#
553,Arny,Slay,aslayfc@chron.com,53,WEB
554,Prisca,Lace,placefd@yahoo.com,36,WEB
555,Edan,Foord,efoordfe@topsy.com,78,JS
556,Marsh,Errichelli,merrichelliff@nih.gov,81,JS
557,Kippie,Barense,kbarensefg@ning.com,70,HTML
558,Ettore,Rippingall,erippingallfh@craigslist.org,93,C#
559,Borg,Strettle,bstrettlefi@latimes.com,22,Angular
560,Kandace,Yard,kyardfj@scientificamerican.com,80,PHP
561,Darell,Pandie,dpandiefk@unblog.fr,27,React
562,Warner,Vernall,wvernallfl@dot.gov,26,PHP
563,Sam,Fairtlough,sfairtloughfm@buzzfeed.com,21,C
564,Carlynn,Brabham,cbrabhamfn@digg.com,70,JS
565,Bruce,McKimmie,bmckimmiefo@merriam-webster.com,52,Backend
566,Hymie,Bouda,hboudafp@meetup.com,31,PHP
567,Stoddard,Brandolini,sbrandolinifq@godaddy.com,72,WEB
568,Barclay,Petty,bpettyfr@mapy.cz,70,WEB
569,Claybourne,Heavyside,cheavysidefs@sakura.ne.jp,97,HTML
570,Arda,Ritson,aritsonft@xing.com,84,C#
571,Benedikt,Ommundsen,bommundsenfu@technorati.com,45,C++
572,Sergent,Miko,smikofv@abc.net.au,39,HTML
573,Bethany,Garwill,bgarwillfw@berkeley.edu,57,Phootoshop
574,Luis,Domeney,ldomeneyfx@harvard.edu,48,Frontend
575,Stacy,Kundt,skundtfy@hud.gov,89,React
576,Minor,Bortolotti,mbortolottifz@csmonitor.com,76,Phootoshop
577,Stesha,Titman,stitmang0@pcworld.com,74,C
578,Micah,Jentin,mjenting1@wikimedia.org,33,C
579,Robinson,Errichelli,rerrichellig2@so-net.ne.jp,82,C
580,Nelli,Paddison,npaddisong3@stumbleupon.com,23,C#
581,Noel,Cornthwaite,ncornthwaiteg4@google.ru,49,JS
582,Tania,Coxen,tcoxeng5@time.com,47,JS
583,Marlon,Gariff,mgariffg6@xinhuanet.com,44,C++
584,Modestine,Giotto,mgiottog7@youtube.com,88,PHP
585,Daniella,Volette,dvoletteg8@fc2.com,27,React
586,Nikki,Reinhard,nreinhardg9@cnbc.com,39,Angular
587,Quincey,Laslett,qlaslettga@blinklist.com,99,Frontend
588,Claus,Spurden,cspurdengb@edublogs.org,70,Angular
589,Lydon,Scamaden,lscamadengc@accuweather.com,81,C++
590,Elane,Kevern,ekeverngd@gizmodo.com,77,Backend
591,Rene,Ales0,ralesge@amazon.co.uk,67,C#
592,Hort,O'Fallone,hofallonegf@addtoany.com,96,WEB
593,Gretal,Heater,gheatergg@ovh.net,79,Phootoshop
594,Violette,Greg,vgreggh@scientificamerican.com,32,HTML
595,Onofredo,Fludder,ofluddergi@tinypic.com,18,PHP
596,Nanette,Beathem,nbeathemgj@miibeian.gov.cn,65,WEB
597,Angelita,Kay,akaygk@salon.com,96,Angular
598,Dew,Kyndred,dkyndredgl@fema.gov,36,Frontend
599,Tabbie,Landal,tlandalgm@wordpress.com,41,WEB
600,Rebe,Harker,rharkergn@washingtonpost.com,54,C++
601,Gerhardine,Golt,ggoltgo@cpanel.net,45,JS
602,Sue,Sanderson,ssandersongp@ed.gov,34,Angular
603,Zondra,Skarman,zskarmangq@ameblo.jp,70,Backend
604,Lisle,Dawley,ldawleygr@earthlink.net,60,C++
605,Ingunna,Hannay,ihannaygs@google.it,91,JS
606,Meade,Skippen,mskippengt@gmpg.org,88,HTML
607,Any,Tattam,atattamgu@cbslocal.com,36,Backend
608,Kerstin,Featherbie,kfeatherbiegv@blogger.com,24,Backend
609,Milly,Phillcock,mphillcockgw@de.vu,36,PHP
610,Theodosia,Snipe,tsnipegx@google.de,88,Phootoshop
611,Hubie,Hulks,hhulksgy@marketwatch.com,96,Phootoshop
612,Micaela,Impy,mimpygz@privacy.gov.au,54,WEB
613,Doy,Baynom,dbaynomh0@thetimes.co.uk,64,Phootoshop
614,Ritchie,Measen,rmeasenh1@about.com,73,WEB
615,Grant,Goodred,ggoodredh2@twitter.com,55,Phootoshop
616,Kimmi,Corkhill,kcorkhillh3@apple.com,25,Python
617,Queenie,Verni,qvernih4@google.com.hk,33,WEB
618,Joete,Allenby,jallenbyh5@answers.com,76,HTML
619,Carolin,Arnholdt,carnholdth6@latimes.com,31,C++
620,Sunny,Pullin,spullinh7@constantcontact.com,89,WEB
621,Kelcie,Doggrell,kdoggrellh8@cornell.edu,55,HTML
622,Jordan,Frede,jfredeh9@merriam-webster.com,55,WEB
623,Millie,Armour,marmourha@sina.com.cn,80,WEB
624,Wilhelmina,Buckham,wbuckhamhb@sina.com.cn,91,Phootoshop
625,Herminia,Sparks,hsparkshc@slideshare.net,73,JS
626,Emeline,Marciskewski,emarciskewskihd@cloudflare.com,36,C
627,Lester,Myring,lmyringhe@springer.com,34,React
628,Ellene,Troman,etromanhf@microsoft.com,98,Angular
629,Rhiamon,Frampton,rframptonhg@gov.uk,21,C++
630,Howey,Arp,harphh@github.io,96,JS
631,Kellby,Zecchetti,kzecchettihi@fc2.com,53,C++
632,Constantina,Conwell,cconwellhj@vk.com,20,HTML
633,Dorie,Casino,dcasinohk@networksolutions.com,96,Angular
634,Matt,Colles,mcolleshl@1688.com,75,Python
635,Jonis,Junes,jjuneshm@cbc.ca,58,Frontend
636,Clerc,Cometti,ccomettihn@nyu.edu,80,C
637,Lorenza,Nollet,lnolletho@alibaba.com,18,Backend
638,Charlena,Brassill,cbrassillhp@globo.com,60,WEB
639,Kalila,Bishell,kbishellhq@hp.com,28,Angular
640,Phylis,Hampshire,phampshirehr@addtoany.com,18,WEB
641,Inglebert,Beglin,ibeglinhs@amazon.de,51,C
642,Tremain,Freiberg,tfreiberght@amazon.com,56,PHP
643,Xaviera,Pibworth,xpibworthhu@friendfeed.com,21,C#
644,Alejoa,De Mattia,ademattiahv@cargocollective.com,43,Angular
645,Gayla,Bothbie,gbothbiehw@huffingtonpost.com,42,Frontend
646,Davon,Alderson,daldersonhx@umn.edu,70,Python
647,Trudy,Oen,toenhy@yandex.ru,28,Python
648,Ferdie,Eddisford,feddisfordhz@dyndns.org,59,Backend
649,Darius,Weiner,dweineri0@mtv.com,39,Phootoshop
650,Ulrick,McCritchie,umccritchiei1@cbsnews.com,45,PHP
651,Lexi,Unitt,lunitti2@godaddy.com,88,C
652,Denyse,Fitzgerald,dfitzgeraldi3@ucla.edu,68,Phootoshop
653,Alisha,Whiten,awhiteni4@trellian.com,28,Phootoshop
654,Franky,Greedyer,fgreedyeri5@tinyurl.com,89,Frontend
655,Malory,Cantu,mcantui6@toplist.cz,90,Phootoshop
656,Julian,Castenda,jcastendai7@yahoo.co.jp,84,Phootoshop
657,Abbe,Melsom,amelsomi8@usatoday.com,61,C++
658,Carlyn,Boulder,cboulderi9@newsvine.com,74,JS
659,Doralynne,Rustman,drustmania@blogs.com,72,Frontend
660,Carlo,Mouse,cmouseib@cloudflare.com,37,JS
661,Julieta,Cudiff,jcudiffic@reuters.com,47,Angular
662,Loralie,Izchaki,lizchakiid@toplist.cz,21,C++
663,Jaquelin,Dilleway,jdillewayie@webnode.com,50,C#
664,Rube,Tumayan,rtumayanif@biglobe.ne.jp,31,C
665,Konstanze,Southerell,ksoutherellig@eventbrite.com,55,Backend
666,Miguela,Mence,mmenceih@google.com,39,C#
667,Brandea,Edgecumbe,bedgecumbeii@go.com,77,WEB
668,Langsdon,Bienvenu,lbienvenuij@oakley.com,68,JS
669,Reggie,Labarre,rlabarreik@unesco.org,62,JS
670,Margareta,Fashion,mfashionil@oakley.com,71,Phootoshop
671,Benjamin,Andryszczak,bandryszczakim@hibu.com,55,React
672,Shirlene,Peppard,speppardin@biblegateway.com,95,WEB
673,Ortensia,Tunkin,otunkinio@wix.com,47,C#
674,Enid,Sauvan,esauvanip@homestead.com,39,Frontend
675,Geoffrey,Harriskine,gharriskineiq@tinyurl.com,57,WEB
676,Tobiah,Norker,tnorkerir@youtube.com,94,Frontend
677,Levi,Keohane,lkeohaneis@guardian.co.uk,62,PHP
678,Hester,Fulun,hfulunit@ibm.com,79,Phootoshop
679,Annette,McGirr,amcgirriu@mysql.com,23,Frontend
680,Borg,Soppit,bsoppitiv@hp.com,84,Angular
681,Asia,Halmkin,ahalmkiniw@google.fr,29,PHP
682,Odille,Ivett,oivettix@cbc.ca,27,Frontend
683,Ray,Stayte,rstayteiy@canalblog.com,50,HTML
684,Susana,Zaczek,szaczekiz@com.com,59,HTML
685,Artemas,Josiah,ajosiahj0@wunderground.com,79,JS
686,Henryetta,Hearn,hhearnj1@springer.com,31,Backend
687,Corrie,Moreinis,cmoreinisj2@elegantthemes.com,50,PHP
688,Dion,McGriele,dmcgrielej3@bbc.co.uk,89,PHP
689,Matilda,Salvador,msalvadorj4@yelp.com,51,JS
690,Dennet,Abden,dabdenj5@pbs.org,55,React
691,Malanie,Newitt,mnewittj6@icq.com,35,HTML
692,Vilma,Pilgram,vpilgramj7@cloudflare.com,60,C#
693,Candice,Parsonson,cparsonsonj8@edublogs.org,35,JS
694,Maribel,Dickinson,mdickinsonj9@jigsy.com,58,Phootoshop
695,Myrle,Sambles,msamblesja@dell.com,67,Phootoshop
696,Garold,Corston,gcorstonjb@hud.gov,86,C
697,Bogey,Pratley,bpratleyjc@abc.net.au,86,Python
698,Martica,Sinden,msindenjd@weibo.com,37,Python
699,Domini,Obal,dobalje@addthis.com,45,Backend
700,Rodie,Wolver,rwolverjf@histats.com,76,C++
701,Filide,Cummings,fcummingsjg@huffingtonpost.com,74,React
702,Emmye,Baythrop,ebaythropjh@delicious.com,71,Python
703,Leigh,Boustred,lboustredji@alexa.com,54,Frontend
704,Alyse,Mitchelhill,amitchelhilljj@wiley.com,63,PHP
705,Rania,McGebenay,rmcgebenayjk@usa.gov,80,HTML
706,Beatrix,Senn,bsennjl@archive.org,88,Backend
707,Birdie,Walsh,bwalshjm@paypal.com,46,C#
708,Simon,Simonson,ssimonsonjn@hexun.com,44,Frontend
709,Murial,MacAskie,mmacaskiejo@imgur.com,48,PHP
710,Rodrique,Bloxam,rbloxamjp@skyrock.com,54,C++
711,Orella,Dumbreck,odumbreckjq@businesswire.com,50,React
712,Rudy,Purvis,rpurvisjr@marketwatch.com,23,C
713,Damien,Boother,dbootherjs@google.cn,23,WEB
714,Burnard,Brisse,bbrissejt@soundcloud.com,94,Python
715,Rudd,Dentith,rdentithju@skype.com,83,Python
716,Gene,Shiel,gshieljv@japanpost.jp,84,JS
717,Charlene,Goodfellow,cgoodfellowjw@pagesperso-orange.fr,20,WEB
718,Berke,Sturridge,bsturridgejx@deliciousdays.com,42,HTML
719,Rozanne,Lankford,rlankfordjy@yale.edu,22,C#
720,Tawnya,Robke,trobkejz@pcworld.com,23,Backend
721,Tori,Irvin,tirvink0@forbes.com,20,C
722,Jaimie,Baskerville,jbaskervillek1@oaic.gov.au,34,React
723,Kalil,Bangley,kbangleyk2@diigo.com,90,HTML
724,Jess,Menichillo,jmenichillok3@google.co.jp,54,React
725,Annora,Lowen,alowenk4@jiathis.com,54,Python
726,Armand,Warrack,awarrackk5@ow.ly,54,Python
727,Inger,Tennick,itennickk6@intel.com,38,C#
728,Lezlie,Imesson,limessonk7@google.pl,76,C
729,Lea,Banat,lbanatk8@pinterest.com,69,HTML
730,Dell,Jedrzejewski,djedrzejewskik9@blog.com,75,Python
731,Edsel,Garritley,egarritleyka@disqus.com,74,HTML
732,Ashia,Ambroise,aambroisekb@pagesperso-orange.fr,25,HTML
733,Theodor,Diplock,tdiplockkc@slate.com,78,Angular
734,Kass,Waylen,kwaylenkd@springer.com,32,Phootoshop
735,Kerianne,Guidoni,kguidonike@deviantart.com,63,HTML
736,Bogey,Zanetti,bzanettikf@ocn.ne.jp,72,Phootoshop
737,Martita,Cardenas,mcardenaskg@dailymail.co.uk,77,C
738,Bernadina,Philipart,bphilipartkh@bbb.org,21,Angular
739,Gideon,Stud,gstudki@tripod.com,76,C
740,Linn,Channing,lchanningkj@weebly.com,90,React
741,Harli,Lyddiatt,hlyddiattkk@yale.edu,19,Angular
742,Estelle,Snelgar,esnelgarkl@marriott.com,89,Angular
743,Alexine,Gowry,agowrykm@hostgator.com,19,WEB
744,Ham,Luciano,hlucianokn@ucsd.edu,70,Python
745,Kayley,Teulier,kteulierko@amazonaws.com,92,Angular
746,Betty,Gellion,bgellionkp@irs.gov,58,React
747,Shannen,Bouldstridge,sbouldstridgekq@vk.com,93,C++
748,Smith,Mellody,smellodykr@globo.com,83,HTML
749,Joli,Mouat,jmouatks@privacy.gov.au,95,JS
750,Gib,Kovalski,gkovalskikt@ca.gov,53,C
751,Halsey,Oldfield,holdfieldku@cbslocal.com,56,HTML
752,Wolfie,Humm,whummkv@imageshack.us,42,Python
753,Martainn,Winckle,mwincklekw@youtube.com,56,C#
754,Nels,Daniell,ndaniellkx@virginia.edu,30,Frontend
755,Henryetta,Heale,hhealeky@auda.org.au,31,Frontend
756,Tomi,Cummungs,tcummungskz@joomla.org,25,WEB
757,Nils,Peregrine,nperegrinel0@umich.edu,58,Phootoshop
758,Silvie,Disman,sdismanl1@over-blog.com,96,React
759,Andreas,Monni,amonnil2@sohu.com,37,C++
760,Smitty,Markham,smarkhaml3@opensource.org,51,Python
761,Zarah,Skull,zskulll4@i2i.jp,87,PHP
762,Winnie,Burel,wburell5@un.org,22,JS
763,Chandal,Trenouth,ctrenouthl6@hhs.gov,70,Backend
764,Tanitansy,Robottham,trobotthaml7@youtube.com,90,Backend
765,Javier,Petrillo,jpetrillol8@gizmodo.com,28,Angular
766,Lamont,Ranvoise,lranvoisel9@dagondesign.com,18,C#
767,Biron,Burleigh,bburleighla@eventbrite.com,49,C#
768,Phedra,Crowch,pcrowchlb@exblog.jp,37,WEB
769,Daloris,Vallantine,dvallantinelc@gnu.org,66,Frontend
770,Radcliffe,Bryan,rbryanld@wordpress.com,33,PHP
771,Maxy,Pursehouse,mpursehousele@discovery.com,68,HTML
772,Dionis,Brognot,dbrognotlf@topsy.com,65,C
773,Ginger,Jantet,gjantetlg@google.fr,43,C
774,Colman,Sacaze,csacazelh@is.gd,36,JS
775,Torin,Mytton,tmyttonli@etsy.com,73,C++
776,Connie,Lealle,cleallelj@wired.com,97,WEB
777,Murvyn,Aires,maireslk@icio.us,18,Phootoshop
778,Maryrose,Colebourne,mcolebournell@facebook.com,37,C++
779,Sabra,Cristou,scristoulm@seesaa.net,72,WEB
780,Basilio,Donlon,bdonlonln@mlb.com,66,JS
781,Emanuele,Lezemore,elezemorelo@state.gov,22,Python
782,Leisha,Cockram,lcockramlp@cbsnews.com,73,Python
783,Vanni,Jumeau,vjumeaulq@goo.ne.jp,23,C++
784,Loree,Carratt,lcarrattlr@baidu.com,35,C#
785,Hermann,Heynen,hheynenls@census.gov,37,Frontend
786,Kipp,Kinnoch,kkinnochlt@imdb.com,26,PHP
787,Hayden,Neillans,hneillanslu@e-recht24.de,84,Frontend
788,Shawnee,Mordin,smordinlv@ow.ly,62,Backend
789,Sadye,Eltun,seltunlw@forbes.com,80,Angular
790,Rosa,Ferrierio,rferrieriolx@cbslocal.com,81,HTML
791,Gabriellia,Faustin,gfaustinly@utexas.edu,87,Python
792,Kellby,Manuel,kmanuellz@npr.org,73,C#
793,Sean,Battisson,sbattissonm0@quantcast.com,32,C++
794,Margeaux,Simonitto,msimonittom1@seattletimes.com,35,C
795,Arni,Sawell,asawellm2@blogs.com,47,C#
796,Lindsay,Butcher,lbutcherm3@unc.edu,80,Backend
797,Giorgio,Porcher,gporcherm4@forbes.com,67,PHP
798,Lynette,Antrim,lantrimm5@sun.com,51,WEB
799,Aliza,Inglese,ainglesem6@timesonline.co.uk,64,Phootoshop
800,Mela,Blackly,mblacklym7@spotify.com,78,C++
801,Dredi,Edger,dedgerm8@feedburner.com,34,WEB
802,Francine,Huckstepp,fhucksteppm9@pagesperso-orange.fr,44,C#
803,Carlota,Emery,cemeryma@w3.org,33,C#
804,Janean,Attersoll,jattersollmb@narod.ru,98,Angular
805,Marieann,Warlaw,mwarlawmc@over-blog.com,63,WEB
806,Gottfried,Crimp,gcrimpmd@so-net.ne.jp,35,JS
807,Lorne,Goodison,lgoodisonme@instagram.com,98,HTML
808,Rhett,Cullen,rcullenmf@archive.org,60,C
809,Carmelle,Camilleri,ccamillerimg@wufoo.com,93,Python
810,Dee,Varlow,dvarlowmh@mail.ru,65,Phootoshop
811,Ashlee,Whittock,awhittockmi@wordpress.org,22,React
812,Wilfred,Graal,wgraalmj@google.fr,29,C#
813,Jsandye,Torrent,jtorrentmk@telegraph.co.uk,84,Python
814,Guthrey,Wager,gwagerml@mediafire.com,33,Python
815,Veradis,Aspy,vaspymm@google.co.uk,60,JS
816,Umeko,Chittem,uchittemmn@ow.ly,24,PHP
817,Tyrone,Calderonello,tcalderonellomo@tuttocitta.it,64,React
818,Jewell,Rendell,jrendellmp@auda.org.au,55,C
819,Lazarus,Marfield,lmarfieldmq@paypal.com,52,JS
820,Curran,Scala,cscalamr@washingtonpost.com,98,C++
821,Blanch,Sirette,bsirettems@vkontakte.ru,54,C++
822,Elissa,Mullin,emullinmt@globo.com,50,Python
823,Elka,Vaun,evaunmu@unc.edu,33,Python
824,Kimberly,McCoveney,kmccoveneymv@yandex.ru,90,PHP
825,Jonie,Sorbie,jsorbiemw@shutterfly.com,32,HTML
826,Ram,Merkle,rmerklemx@fotki.com,90,Angular
827,Garrick,Stobart,gstobartmy@bloglovin.com,75,React
828,Mead,Hassent,mhassentmz@google.com,18,Frontend
829,Maxy,Stinton,mstintonn0@google.co.uk,73,C++
830,Heddie,Bremen,hbremenn1@behance.net,61,React
831,Mathias,Elkington,melkingtonn2@alexa.com,51,React
832,Luelle,Melburg,lmelburgn3@samsung.com,98,Angular
833,Dani,Brellin,dbrellinn4@guardian.co.uk,82,C
834,Elia,Matijevic,ematijevicn5@hc360.com,62,C
835,Romola,O' Timony,rotimonyn6@uol.com.br,45,Frontend
836,Zorina,Keeting,zkeetingn7@networksolutions.com,69,JS
837,Kasey,Portwain,kportwainn8@nytimes.com,37,HTML
838,Martelle,Sparrowe,msparrowen9@imdb.com,42,React
839,Gaynor,Twentyman,gtwentymanna@archive.org,59,C#
840,Shirlene,Kleuer,skleuernb@uol.com.br,80,WEB
841,Floris,Willcock,fwillcocknc@nytimes.com,53,JS
842,Yalonda,Timson,ytimsonnd@nps.gov,42,C++
843,Maxine,Castagne,mcastagnene@youtu.be,40,HTML
844,Max,Spain,mspainnf@google.fr,63,Phootoshop
845,Carlene,Ilchenko,cilchenkong@cbsnews.com,71,C#
846,Helen,Mapletoft,hmapletoftnh@nifty.com,68,PHP
847,Stillman,Kunzelmann,skunzelmannni@booking.com,63,React
848,Malvina,Peever,mpeevernj@miitbeian.gov.cn,24,Phootoshop
849,Carmine,Tousey,ctouseynk@ustream.tv,73,C#
850,Arluene,Schild,aschildnl@themeforest.net,79,WEB
851,Rip,Flockhart,rflockhartnm@godaddy.com,98,WEB
852,Ivett,Chelsom,ichelsomnn@utexas.edu,27,Backend
853,Ruthi,Lenthall,rlenthallno@domainmarket.com,29,C
854,Genevieve,Minkin,gminkinnp@naver.com,57,Phootoshop
855,Annmaria,Deackes,adeackesnq@cpanel.net,22,C++
856,Gene,Castree,gcastreenr@kickstarter.com,78,Frontend
857,Hester,Spollen,hspollenns@sbwire.com,23,C
858,Britte,Locard,blocardnt@about.com,22,React
859,Viole,Metterick,vmettericknu@cisco.com,98,HTML
860,Arv,Tuddall,atuddallnv@bloomberg.com,25,React
861,Eugenio,Trusslove,etrusslovenw@barnesandnoble.com,24,PHP
862,Annora,Dorsey,adorseynx@omniture.com,71,C#
863,Robbert,Copcott,rcopcottny@boston.com,52,React
864,Fanchette,Blasik,fblasiknz@army.mil,54,C++
865,Roselle,Sleany,rsleanyo0@vistaprint.com,83,C++
866,Elbert,Womersley,ewomersleyo1@hibu.com,45,C#
867,Alf,Trewinnard,atrewinnardo2@businessinsider.com,98,Python
868,Welch,Mortel,wmortelo3@ehow.com,54,Backend
869,Agnesse,Quilter,aquiltero4@upenn.edu,91,C
870,Alaine,Ashwood,aashwoodo5@illinois.edu,32,C#
871,Jami,Tremmel,jtremmelo6@free.fr,36,C
872,Aksel,O'Fogarty,aofogartyo7@photobucket.com,31,Python
873,Nappy,Thouless,nthoulesso8@is.gd,77,React
874,Bevon,Ericssen,bericsseno9@mit.edu,36,Backend
875,Carole,Gainor,cgainoroa@europa.eu,53,Backend
876,Barnebas,Ody,bodyob@hc360.com,29,Backend
877,Lazarus,Kitchingman,lkitchingmanoc@phoca.cz,87,PHP
878,Gabriele,Dalgardno,gdalgardnood@examiner.com,58,HTML
879,Piper,Glazyer,pglazyeroe@eventbrite.com,26,PHP
880,Vivyanne,Forker,vforkerof@cdbaby.com,78,C++
881,Dode,England,denglandog@skyrock.com,90,JS
882,Gardy,Plum,gplumoh@soundcloud.com,81,PHP
883,Jyoti,Uglow,juglowoi@mediafire.com,82,React
884,Rickey,Hansley,rhansleyoj@phoca.cz,45,React
885,Arielle,Sheldrick,asheldrickok@weebly.com,45,PHP
886,Jeremias,Shepeard,jshepeardol@mysql.com,39,JS
887,Auberon,Sargood,asargoodom@boston.com,36,Angular
888,Ulrich,Fosher,ufosheron@dion.ne.jp,32,PHP
889,Maddalena,Jirusek,mjirusekoo@cloudflare.com,25,C
890,Boris,Leaf,bleafop@myspace.com,41,Backend
891,Carlota,Wheldon,cwheldonoq@upenn.edu,29,C#
892,Steward,Ponter,sponteror@economist.com,92,Phootoshop
893,Mylo,Garrard,mgarrardos@shareasale.com,20,Python
894,Leonora,Munkton,lmunktonot@vimeo.com,74,C#
895,Dela,Dudgeon,ddudgeonou@businessweek.com,20,WEB
896,Kellyann,Airton,kairtonov@chronoengine.com,47,WEB
897,Cort,Bentinck,cbentinckow@fotki.com,67,HTML
898,Kathe,Headland,kheadlandox@amazon.co.uk,56,HTML
899,Lars,Rehorek,lrehorekoy@nih.gov,20,HTML
900,Spense,Caldwall,scaldwalloz@google.ru,76,Angular
901,Carlie,Gowenlock,cgowenlockp0@census.gov,43,Backend
902,Abagael,Martinello,amartinellop1@sohu.com,20,C
903,Avram,Denmead,adenmeadp2@myspace.com,90,React
904,Temp,Bilsford,tbilsfordp3@cocolog-nifty.com,40,C#
905,Cammie,Claibourn,cclaibournp4@meetup.com,95,WEB
906,Bjorn,Loddon,bloddonp5@fotki.com,67,WEB
907,Nannie,Bottleson,nbottlesonp6@twitter.com,42,JS
908,Kesley,Matthewson,kmatthewsonp7@springer.com,89,Angular
909,Theodore,Renoden,trenodenp8@engadget.com,54,Backend
910,Kain,Dowd,kdowdp9@statcounter.com,55,Phootoshop
911,Linus,Shedd,lsheddpa@go.com,95,JS
912,Verene,Budnik,vbudnikpb@sciencedirect.com,97,C#
913,Vitia,Povah,vpovahpc@stumbleupon.com,88,Phootoshop
914,Jenine,Munnings,jmunningspd@smugmug.com,37,PHP
915,Marianne,Wharrier,mwharrierpe@cpanel.net,51,C#
916,Tiphani,Mustarde,tmustardepf@chicagotribune.com,35,C#
917,Roldan,Robey,rrobeypg@disqus.com,60,C
918,Petey,Trudgian,ptrudgianph@behance.net,62,Backend
919,Elinore,Spurrier,espurrierpi@state.tx.us,20,C#
920,Steffen,Reddy,sreddypj@amazon.co.uk,38,C++
921,Grier,Sharratt,gsharrattpk@blinklist.com,40,WEB
922,Forester,Londsdale,flondsdalepl@booking.com,27,Phootoshop
923,Huntlee,Mitchelson,hmitchelsonpm@istockphoto.com,31,C#
924,Venita,Pavluk,vpavlukpn@spotify.com,79,HTML
925,Sheela,Legate,slegatepo@ca.gov,29,WEB
926,Zebulen,Jowle,zjowlepp@time.com,84,C#
927,Tad,Bonas,tbonaspq@soup.io,55,Angular
928,Alvy,Chsteney,achsteneypr@techcrunch.com,57,Frontend
929,Ibby,Titmuss,ititmussps@bigcartel.com,59,Frontend
930,Lucy,Unwin,lunwinpt@blogtalkradio.com,23,React
931,Inez,Whybrow,iwhybrowpu@aboutads.info,72,Python
932,Truman,Alesi,talesipv@businessweek.com,40,C
933,Tisha,Raoux,traouxpw@jigsy.com,76,PHP
934,Daphna,Eble,deblepx@github.com,63,Frontend
935,Susann,Haggerston,shaggerstonpy@jimdo.com,55,Angular
936,Sargent,La Rosa,slarosapz@mysql.com,51,Frontend
937,Wendell,Gherardini,wgherardiniq0@deviantart.com,26,React
938,Moyna,Kimblen,mkimblenq1@nih.gov,80,Backend
939,Ralina,Watling,rwatlingq2@artisteer.com,49,Phootoshop
940,Lise,Collabine,lcollabineq3@reverbnation.com,99,Phootoshop
941,Rosette,Klimentyev,rklimentyevq4@hc360.com,70,C#
942,Juliette,Dudin,jdudinq5@tripadvisor.com,50,C
943,Saraann,Minall,sminallq6@java.com,50,Phootoshop
944,Jessamine,Jost,jjostq7@hubpages.com,64,PHP
945,Ambrosio,Varren,avarrenq8@nifty.com,88,C++
946,Kassandra,Lain,klainq9@usa.gov,82,Python
947,Klara,Throughton,kthroughtonqa@stanford.edu,46,React
948,Kania,Orrett,korrettqb@yelp.com,96,WEB
949,Ayn,Balwin,abalwinqc@dyndns.org,100,C#
950,Thom,Llop,tllopqd@etsy.com,88,Angular
951,Judah,Bront,jbrontqe@pcworld.com,25,WEB
952,Johann,Carrel,jcarrelqf@symantec.com,80,C#
953,Klemens,Hancke,khanckeqg@blog.com,37,Phootoshop
954,Jacintha,McGowing,jmcgowingqh@digg.com,61,HTML
955,Giorgia,Pulman,gpulmanqi@wired.com,92,Backend
956,Freedman,Elph,felphqj@shareasale.com,34,Frontend
957,Sully,Lelande,slelandeqk@cargocollective.com,68,WEB
958,Richy,Skeete,rskeeteql@homestead.com,18,C#
959,Rheta,Morshead,rmorsheadqm@jimdo.com,74,Angular
960,Ally,Vernall,avernallqn@oakley.com,75,C
961,Madelle,Radnedge,mradnedgeqo@hp.com,56,C
962,Con,Braid,cbraidqp@illinois.edu,73,C#
963,Luz,Ovill,lovillqq@usnews.com,32,Phootoshop
964,Igor,Deem,ideemqr@mayoclinic.com,61,WEB
965,Rubi,Samples,rsamplesqs@blogs.com,44,HTML
966,Myriam,Asquez,masquezqt@fema.gov,39,Backend
967,Patsy,Flawn,pflawnqu@clickbank.net,37,C#
968,Leslie,Parmenter,lparmenterqv@t-online.de,52,C
969,Kelsey,Moland,kmolandqw@dot.gov,45,Backend
970,Peta,Seegar,pseegarqx@google.cn,78,HTML
971,Brade,Teesdale,bteesdaleqy@domainmarket.com,18,C#
972,Susana,MacCallester,smaccallesterqz@ted.com,43,Python
973,Jarred,Sheddan,jsheddanr0@liveinternet.ru,85,PHP
974,Enrica,Crutchley,ecrutchleyr1@wunderground.com,55,Frontend
975,Adina,Olohan,aolohanr2@shutterfly.com,38,Phootoshop
976,Shepherd,Piwell,spiwellr3@ftc.gov,79,Angular
977,Madelena,MacLennan,mmaclennanr4@npr.org,90,JS
978,Asa,Dripps,adrippsr5@stumbleupon.com,73,Python
979,Lavena,Thirst,lthirstr6@thetimes.co.uk,75,Frontend
980,Ailene,Reeman,areemanr7@is.gd,79,Phootoshop
981,Augustin,Waple,awapler8@umn.edu,63,Frontend
982,Spence,de Courcey,sdecourceyr9@facebook.com,86,WEB
983,Waiter,Smithson,wsmithsonra@g.co,77,Python
984,Antonino,Ivanuschka,aivanuschkarb@businessinsider.com,23,C#
985,Phillipp,Dibsdale,pdibsdalerc@bloglines.com,34,PHP
986,Koren,Forde,kforderd@disqus.com,75,Python
987,Beatrice,Juzek,bjuzekre@oaic.gov.au,76,JS
988,Bonnibelle,Follis,bfollisrf@google.nl,96,JS
989,Robbie,Silkstone,rsilkstonerg@plala.or.jp,54,PHP
990,Adrianna,Peggram,apeggramrh@army.mil,37,Frontend
991,Matthus,Forcade,mforcaderi@delicious.com,58,C#
992,Karie,Belhomme,kbelhommerj@liveinternet.ru,32,Backend
993,Eadie,Lockless,elocklessrk@livejournal.com,22,Backend
994,Sigvard,Pickavant,spickavantrl@ebay.co.uk,23,Backend
995,Gerianna,Ledgley,gledgleyrm@sciencedirect.com,89,Phootoshop
996,Lindie,Ffrench,lffrenchrn@artisteer.com,29,C#
997,Fabio,Fossitt,ffossittro@guardian.co.uk,35,C
998,May,Van Oort,mvanoortrp@opensource.org,30,JS
999,Corliss,Glavin,cglavinrq@linkedin.com,31,C
1000,Finley,Gouldthorp,fgouldthorprr@google.ca,61,WEB
