id,first_name,last_name,email,salary,speciality
1,Sven,Cowey,scowey0@soup.io,2500,WEB
2,Skyler,Gatiss,sgatiss1@blinklist.com,4500,HTML
3,Wilek,Tofts,wtofts2@un.org,5000,WEB
4,Clary,Laybourne,claybourne3@booking.com,4500,C
5,Emilio,Pynner,epynner4@netscape.com,4000,C#
6,Rodolph,Chelley,rchelley5@prlog.org,3500,PYTHON
7,Theresa,Mynett,tmynett6@dailymail.co.uk,6000,Backend
8,Carney,Beet,cbeet7@blogs.com,6000,C
9,Marlon,Sargood,msargood8@storify.com,2500,C#
10,Daisie,Fremantle,dfremantle9@cdbaby.com,4000,C
11,Lonnie,Bosnell,lbosnella@nhs.uk,4000,C
12,Kev,Gamblin,kgamblinb@bizjournals.com,5000,C
13,Clea,Chasle,cchaslec@networkadvertising.org,2000,HTML
14,Jeanette,Cubbin,jcubbind@taobao.com,5000,JS
15,Lisle,Arter,lartere@dropbox.com,4000,C#
16,Aymer,Albutt,aalbuttf@si.edu,4000,Backend
17,Maxy,Pevie,mpevieg@github.com,5000,C
18,Mano,Dugald,mdugaldh@springer.com,3500,React
19,Giraud,Bucktharp,gbucktharpi@spiegel.de,2000,JS
20,Mathilde,Dearth,mdearthj@google.it,4500,Frontend
21,Bertram,Critch,bcritchk@jigsy.com,2000,PYTHON
22,Kippie,Andriesse,kandriessel@harvard.edu,5000,Backend
23,Rheba,Bullick,rbullickm@behance.net,4000,PYTHON
24,Hew,Casserley,hcasserleyn@github.com,5000,C#
25,Denice,Peachman,dpeachmano@51.la,4500,C
26,Beulah,Feldmesser,bfeldmesserp@ucsd.edu,6000,Photoshop
27,Violetta,Macieiczyk,vmacieiczykq@noaa.gov,3500,React
28,Claretta,Wetherick,cwetherickr@ox.ac.uk,2500,HTML
29,Wolfie,Narramore,wnarramores@indiegogo.com,2000,Backend
30,Natty,Raulston,nraulstont@theglobeandmail.com,6000,JS
31,Lona,Wolver,lwolveru@acquirethisname.com,6000,HTML
32,Myca,Arbor,marborv@myspace.com,3500,C
33,Stanislaus,Laroux,slarouxw@addtoany.com,3500,Frontend
34,Nerta,Grzegorecki,ngrzegoreckix@census.gov,2500,C
35,Ozzie,Parkins,oparkinsy@symantec.com,5000,PYTHON
36,Victoir,Hargrove,vhargrovez@squidoo.com,2000,C#
37,Ranna,Hackinge,rhackinge10@epa.gov,3500,Photoshop
38,Garvy,Peirpoint,gpeirpoint11@wikipedia.org,6000,C
39,Jeri,Crowest,jcrowest12@devhub.com,3500,React
40,Charmian,Gotcliffe,cgotcliffe13@delicious.com,4500,PYTHON
41,Cybill,Holborn,cholborn14@home.pl,3500,PYTHON
42,Lezley,Fearnley,lfearnley15@squidoo.com,3500,C
43,Erhart,Izaks,eizaks16@dagondesign.com,5000,PYTHON
44,Ulrikaumeko,Minster,uminster17@diigo.com,3500,C#
45,Monti,Fishburn,mfishburn18@forbes.com,3500,PYTHON
46,Kellby,De Andreis,kdeandreis19@economist.com,3500,C
47,Christoforo,Brumham,cbrumham1a@msu.edu,3500,Backend
48,Rodd,Carnegy,rcarnegy1b@dedecms.com,6000,WEB
49,Modestine,Fryer,mfryer1c@reference.com,5000,C#
50,Nixie,Stilling,nstilling1d@ning.com,6000,C
51,Haleigh,Acarson,hacarson1e@storify.com,6000,C
52,Wally,Beddis,wbeddis1f@posterous.com,4500,WEB
53,Quillan,Daymond,qdaymond1g@ft.com,5000,Photoshop
54,Rozelle,Lambden,rlambden1h@samsung.com,6000,PYTHON
55,Mirabella,Lowey,mlowey1i@google.fr,3500,C#
56,Tadeas,Heine,theine1j@geocities.jp,3500,PYTHON
57,Ugo,Hinckesman,uhinckesman1k@blogs.com,2500,WEB
58,Alexei,Yendle,ayendle1l@goodreads.com,3500,Photoshop
59,Petronilla,Gatherell,pgatherell1m@gov.uk,3500,Backend
60,Romain,Braddon,rbraddon1n@purevolume.com,2000,C#
61,Britt,Rebanks,brebanks1o@admin.ch,4500,JS
62,Farah,Daniely,fdaniely1p@prnewswire.com,2000,Photoshop
63,Julianne,Coste,jcoste1q@cmu.edu,2000,Photoshop
64,Angy,Loyndon,aloyndon1r@fastcompany.com,4000,HTML
65,Feliks,Ramalhete,framalhete1s@xing.com,2000,C#
66,Giffie,Spering,gspering1t@cornell.edu,5000,Frontend
67,Shurwood,Stares,sstares1u@umich.edu,2500,WEB
68,Sylvester,Gori,sgori1v@booking.com,5000,JS
69,Dorisa,Kenright,dkenright1w@latimes.com,4000,Frontend
70,Doyle,Gallacher,dgallacher1x@google.nl,6000,JS
71,Shaun,Raftery,sraftery1y@cyberchimps.com,2000,C
72,Preston,Kordt,pkordt1z@blog.com,4500,Photoshop
73,Roselin,Snookes,rsnookes20@homestead.com,4000,C
74,Meyer,Bowlesworth,mbowlesworth21@jugem.jp,3500,Photoshop
75,Birch,Pyatt,bpyatt22@vimeo.com,2000,HTML
76,Reinold,Borrowman,rborrowman23@independent.co.uk,5000,C#
77,Roderigo,Duguid,rduguid24@google.nl,4500,HTML
78,Franny,MacKill,fmackill25@ucsd.edu,3500,HTML
79,Birgitta,Gryglewski,bgryglewski26@homestead.com,3500,HTML
80,Karolina,Alcorn,kalcorn27@parallels.com,3500,C#
81,Jedidiah,Klos,jklos28@webeden.co.uk,4500,PYTHON
82,Nonnah,Pilley,npilley29@unesco.org,2000,React
83,Rhoda,Overton,roverton2a@salon.com,2000,WEB
84,Madonna,Whittington,mwhittington2b@reuters.com,6000,C#
85,Zach,Honnan,zhonnan2c@instagram.com,5000,C#
86,Caresa,Erdely,cerdely2d@naver.com,3500,HTML
87,Kyle,Mariyushkin,kmariyushkin2e@seesaa.net,4500,Backend
88,Ula,Bartoloma,ubartoloma2f@marriott.com,6000,React
89,Petronia,Franzewitch,pfranzewitch2g@yolasite.com,4000,C
90,Flint,Rozec,frozec2h@prweb.com,4500,PYTHON
91,Letisha,Powys,lpowys2i@163.com,4000,HTML
92,Noam,Gravells,ngravells2j@stanford.edu,2500,WEB
93,Shelli,Dulwitch,sdulwitch2k@ed.gov,2500,Photoshop
94,Lavena,Larvin,llarvin2l@trellian.com,3500,C
95,Milo,Gilardi,mgilardi2m@ft.com,3500,C
96,Mara,Coplestone,mcoplestone2n@smh.com.au,2500,Photoshop
97,Minna,Dyton,mdyton2o@aol.com,5000,WEB
98,Ginevra,Palfrey,gpalfrey2p@nature.com,4000,JS
99,Lusa,Blaylock,lblaylock2q@cnn.com,4500,Frontend
100,Berry,Zettler,bzettler2r@mac.com,3500,PYTHON
101,Lelah,Loudiane,lloudiane2s@fema.gov,4500,C#
102,Codie,Antonutti,cantonutti2t@ask.com,2000,C
103,Rheba,Golborne,rgolborne2u@ocn.ne.jp,4000,JS
104,Florina,Brimson,fbrimson2v@shareasale.com,3500,PYTHON
105,Isabeau,Shrigley,ishrigley2w@oakley.com,3500,Backend
106,Jodie,Easby,jeasby2x@rambler.ru,4500,PYTHON
107,Ola,Vears,ovears2y@123-reg.co.uk,4500,JS
108,Thorvald,Leckie,tleckie2z@google.com,2000,C#
109,Jarrett,Geraud,jgeraud30@tripod.com,5000,C
110,Odille,Wyre,owyre31@washington.edu,4500,WEB
111,Andee,Handscombe,ahandscombe32@paginegialle.it,4500,C#
112,Eustace,Hartington,ehartington33@google.de,6000,HTML
113,Sianna,Epinoy,sepinoy34@gravatar.com,2500,Frontend
114,Costanza,Widmoor,cwidmoor35@dyndns.org,6000,JS
115,Nike,O'Hartnett,nohartnett36@cisco.com,4500,Backend
116,Noelle,Angrave,nangrave37@oakley.com,3500,PYTHON
117,Missy,Leate,mleate38@amazon.co.jp,4500,Photoshop
118,Jasmine,Pagel,jpagel39@cdc.gov,2000,Backend
119,Meryl,Harrap,mharrap3a@yelp.com,5000,C
120,Pearl,Klimentyonok,pklimentyonok3b@apache.org,4500,Frontend
121,Austen,Janny,ajanny3c@rediff.com,2500,Frontend
122,Riannon,Elkin,relkin3d@oaic.gov.au,2500,HTML
123,Chelsea,Vardey,cvardey3e@tiny.cc,5000,Photoshop
124,Jeannine,Margaritelli,jmargaritelli3f@wufoo.com,6000,C#
125,Belita,Tuffell,btuffell3g@goodreads.com,5000,HTML
126,Benedetta,McIlenna,bmcilenna3h@hp.com,4000,WEB
127,Creight,Orriss,corriss3i@opensource.org,6000,Photoshop
128,Pattie,Gemelli,pgemelli3j@mtv.com,2500,Photoshop
129,Alena,Giannazzi,agiannazzi3k@go.com,6000,React
130,Rufus,Durrett,rdurrett3l@google.pl,2000,C
131,Gavra,Spira,gspira3m@state.tx.us,4000,HTML
132,Ty,Simakov,tsimakov3n@oakley.com,2000,React
133,Giraud,Piddick,gpiddick3o@edublogs.org,2500,JS
134,Juline,Drysdale,jdrysdale3p@google.com.hk,5000,Frontend
135,Julita,Ovenden,jovenden3q@foxnews.com,2000,Backend
136,Don,Gager,dgager3r@odnoklassniki.ru,2000,WEB
137,Devina,Garioch,dgarioch3s@adobe.com,4500,PYTHON
138,Fredric,Phelan,fphelan3t@furl.net,4500,PYTHON
139,Matti,McInnery,mmcinnery3u@gnu.org,2500,C
140,Claude,Orae,corae3v@chronoengine.com,6000,Photoshop
141,Callida,Zellick,czellick3w@arizona.edu,5000,Backend
142,Violante,Mathers,vmathers3x@columbia.edu,4000,React
143,Billy,Gostick,bgostick3y@wired.com,2000,PYTHON
144,Annalee,Whitcher,awhitcher3z@admin.ch,2000,JS
145,Juana,German,jgerman40@studiopress.com,3500,PYTHON
146,Hew,Robatham,hrobatham41@dailymotion.com,4000,React
147,Gerick,Goude,ggoude42@upenn.edu,2500,C#
148,Gussy,Calterone,gcalterone43@google.cn,2000,C
149,Yolane,Stoade,ystoade44@irs.gov,2500,Backend
150,Chaim,Biggerstaff,cbiggerstaff45@wiley.com,2000,Frontend
151,Dick,MacArthur,dmacarthur46@wikia.com,6000,C
152,Neely,Suttill,nsuttill47@oakley.com,4500,C#
153,Estevan,Lamas,elamas48@wikimedia.org,4000,Backend
154,Catie,Warret,cwarret49@google.com.br,2500,C#
155,Cullan,Mabley,cmabley4a@engadget.com,4000,Frontend
156,Madelle,Sailor,msailor4b@seesaa.net,4000,C
157,Rory,Cristoferi,rcristoferi4c@epa.gov,2500,C
158,Meagan,Wylam,mwylam4d@youku.com,4000,C#
159,Melany,Pead,mpead4e@ox.ac.uk,6000,React
160,Callida,Leander,cleander4f@gizmodo.com,4000,Frontend
161,Gennie,Tansley,gtansley4g@howstuffworks.com,2500,Photoshop
162,Renata,Latey,rlatey4h@merriam-webster.com,4500,HTML
163,Dorolisa,Izchaki,dizchaki4i@mysql.com,4000,Frontend
164,Eleen,Lock,elock4j@phpbb.com,3500,C
165,Taryn,Denslow,tdenslow4k@angelfire.com,3500,C
166,Sim,Yedy,syedy4l@4shared.com,2000,HTML
167,Sharline,Fawcett,sfawcett4m@theatlantic.com,5000,C#
168,Devinne,Getch,dgetch4n@npr.org,2000,Frontend
169,Andreana,Scipsey,ascipsey4o@github.io,6000,Backend
170,Waldo,Wingate,wwingate4p@freewebs.com,2000,React
171,Wolfgang,Brookshaw,wbrookshaw4q@sourceforge.net,6000,Backend
172,Leon,Whitworth,lwhitworth4r@webnode.com,3500,PYTHON
173,Milli,Halegarth,mhalegarth4s@imageshack.us,4000,C#
174,Ahmad,Cordaroy,acordaroy4t@sourceforge.net,4500,JS
175,Hercule,Gergler,hgergler4u@buzzfeed.com,6000,Frontend
176,Darwin,Bromehed,dbromehed4v@apple.com,3500,C
177,Korney,Hriinchenko,khriinchenko4w@earthlink.net,6000,PYTHON
178,Car,Proby,cproby4x@apache.org,2500,PYTHON
179,Merrie,Honsch,mhonsch4y@examiner.com,2000,JS
180,Lisette,Drohun,ldrohun4z@t-online.de,6000,C#
181,Eada,Levicount,elevicount50@seattletimes.com,4000,C
182,Lilith,Meyer,lmeyer51@hud.gov,4000,PYTHON
183,Catharina,Riddock,criddock52@oracle.com,5000,WEB
184,Maximilien,Goddard,mgoddard53@nhs.uk,2500,C#
185,Micky,Dewar,mdewar54@dedecms.com,4000,WEB
186,Alma,Viccary,aviccary55@biblegateway.com,2500,Frontend
187,Mickie,Campos,mcampos56@clickbank.net,2000,C#
188,Annnora,Mariotte,amariotte57@bing.com,6000,Frontend
189,Roch,Timewell,rtimewell58@yahoo.co.jp,6000,React
190,Quincey,Scopyn,qscopyn59@prweb.com,6000,C
191,Gustave,Glassopp,gglassopp5a@simplemachines.org,3500,Photoshop
192,Mathew,Poleykett,mpoleykett5b@1688.com,5000,Photoshop
193,Shanie,Morrissey,smorrissey5c@vistaprint.com,5000,WEB
194,Terrell,Ragbourn,tragbourn5d@shutterfly.com,4000,Backend
195,Andrus,Pollastrino,apollastrino5e@altervista.org,4000,PYTHON
196,Ilario,Weddeburn - Scrimgeour,iweddeburnscrimgeour5f@tiny.cc,2000,Photoshop
197,Cayla,Geyton,cgeyton5g@hubpages.com,2000,PYTHON
198,Thomasin,McCloughlin,tmccloughlin5h@opera.com,4000,PYTHON
199,Lydon,Dufoure,ldufoure5i@hostgator.com,5000,Photoshop
200,Ofella,Mooring,omooring5j@imgur.com,5000,React
201,Roosevelt,De Giorgi,rdegiorgi5k@goo.ne.jp,5000,C
202,Brunhilde,Stranieri,bstranieri5l@friendfeed.com,3500,JS
203,Wadsworth,Lefridge,wlefridge5m@stumbleupon.com,5000,WEB
204,Ethelbert,Ivery,eivery5n@businessinsider.com,3500,PYTHON
205,Roland,Fairfoot,rfairfoot5o@spotify.com,2500,HTML
206,Hugues,LaBastida,hlabastida5p@illinois.edu,4000,Photoshop
207,Isa,Haryngton,iharyngton5q@slashdot.org,4000,JS
208,Haze,Bromell,hbromell5r@nature.com,3500,Frontend
209,Ruby,Benam,rbenam5s@chicagotribune.com,4500,Backend
210,Leonhard,Comberbach,lcomberbach5t@nsw.gov.au,2500,JS
211,Joycelin,Shera,jshera5u@patch.com,3500,WEB
212,Ethelda,Boncoeur,eboncoeur5v@gov.uk,4000,C
213,Corene,Jurries,cjurries5w@upenn.edu,2000,C#
214,Imelda,Sammut,isammut5x@virginia.edu,2000,WEB
215,Ewan,Curm,ecurm5y@scientificamerican.com,2000,React
216,Gussy,Petera,gpetera5z@topsy.com,2000,Photoshop
217,Vic,Skein,vskein60@zimbio.com,3500,JS
218,Joshua,Daymond,jdaymond61@sun.com,2500,C
219,Kanya,Mathieson,kmathieson62@paginegialle.it,2500,C
220,Rickert,Sarchwell,rsarchwell63@nbcnews.com,4500,C
221,Trip,Gabbitis,tgabbitis64@rakuten.co.jp,2000,JS
222,Libbi,Colquitt,lcolquitt65@msu.edu,2000,Frontend
223,Kendra,Lernihan,klernihan66@gov.uk,5000,HTML
224,Donna,Swainger,dswainger67@ucoz.ru,2500,WEB
225,Rhianna,Asp,rasp68@wiley.com,2500,Frontend
226,Frederique,Side,fside69@godaddy.com,2500,PYTHON
227,Raphaela,Layton,rlayton6a@hugedomains.com,3500,HTML
228,Tamar,Halworth,thalworth6b@webs.com,4000,HTML
229,Saraann,Fluit,sfluit6c@sfgate.com,5000,Backend
230,Jacinthe,Lerer,jlerer6d@ed.gov,2000,C
231,Sephira,Stanner,sstanner6e@behance.net,2500,PYTHON
232,Dan,Easthope,deasthope6f@so-net.ne.jp,5000,WEB
233,Guillaume,Andreazzi,gandreazzi6g@umn.edu,2500,PYTHON
234,Beverie,Dashper,bdashper6h@umich.edu,5000,C
235,Laureen,Macon,lmacon6i@cmu.edu,5000,HTML
236,Libbi,Wastling,lwastling6j@archive.org,4000,JS
237,Jerad,Claridge,jclaridge6k@biblegateway.com,2000,C
238,Gilli,Bartolomeoni,gbartolomeoni6l@uol.com.br,4000,JS
239,Finley,Leathe,fleathe6m@tumblr.com,3500,Backend
240,Giffy,Lefever,glefever6n@tinypic.com,6000,PYTHON
241,Quent,Ashford,qashford6o@google.de,4000,Backend
242,Maitilde,Fareweather,mfareweather6p@tinypic.com,5000,C
243,Shana,Aaronson,saaronson6q@shareasale.com,2000,Backend
244,Candy,Duerden,cduerden6r@ebay.co.uk,3500,C
245,Bent,Flood,bflood6s@mashable.com,2000,PYTHON
246,Layne,Havvock,lhavvock6t@fc2.com,2500,C
247,Kerwinn,Piner,kpiner6u@bbc.co.uk,2500,C
248,Fields,Scoffins,fscoffins6v@wordpress.com,4000,Frontend
249,Lauren,Archard,larchard6w@com.com,6000,C
250,Kandy,Brettor,kbrettor6x@bbb.org,2500,C
251,Stacee,Cleatherow,scleatherow6y@redcross.org,4500,Frontend
252,Levi,Rowlatt,lrowlatt6z@wordpress.org,6000,C#
253,Marnia,Hawsby,mhawsby70@csmonitor.com,2500,WEB
254,Salomo,Manvell,smanvell71@pcworld.com,4000,HTML
255,Adrienne,Masselin,amasselin72@adobe.com,2000,C
256,Elysia,Reijmers,ereijmers73@seattletimes.com,3500,HTML
257,Tess,Kaesmans,tkaesmans74@about.com,6000,PYTHON
258,Olympe,Lunney,olunney75@indiegogo.com,4000,C#
259,Florrie,Hassekl,fhassekl76@hugedomains.com,2500,WEB
260,Dania,Garatty,dgaratty77@trellian.com,3500,Backend
261,Emmery,Cratchley,ecratchley78@ibm.com,3500,PYTHON
262,Bret,Keson,bkeson79@eventbrite.com,4000,WEB
263,Linn,Foresight,lforesight7a@godaddy.com,4000,Photoshop
264,Sarita,Rodell,srodell7b@geocities.jp,4500,Frontend
265,Stacee,Vanyakin,svanyakin7c@noaa.gov,2500,HTML
266,Roberto,Ewebank,rewebank7d@youtube.com,4500,C
267,Sabra,Kleinmintz,skleinmintz7e@walmart.com,4000,Frontend
268,Darci,Pluvier,dpluvier7f@google.fr,5000,React
269,Talbert,Band,tband7g@netscape.com,5000,Frontend
270,Daniela,Twinn,dtwinn7h@cloudflare.com,4000,C#
271,Wallace,Carillo,wcarillo7i@harvard.edu,4000,JS
272,Rosella,Lanphier,rlanphier7j@nba.com,4000,PYTHON
273,Normie,Summerill,nsummerill7k@privacy.gov.au,5000,PYTHON
274,Elsa,Kynnd,ekynnd7l@sciencedaily.com,2000,HTML
275,Devina,Kleinhausen,dkleinhausen7m@bbc.co.uk,2500,C#
276,Adel,Silbersak,asilbersak7n@jigsy.com,6000,C
277,Herby,Emor,hemor7o@bloomberg.com,2000,HTML
278,Tate,Lathe,tlathe7p@zdnet.com,6000,WEB
279,Alyse,Holwell,aholwell7q@addtoany.com,5000,C#
280,Teirtza,Probey,tprobey7r@squidoo.com,6000,Frontend
281,Elissa,Hilliam,ehilliam7s@facebook.com,6000,C
282,Darrel,Renak,drenak7t@booking.com,2000,Photoshop
283,Zia,Skylett,zskylett7u@sitemeter.com,3500,PYTHON
284,Odey,Raymond,oraymond7v@oracle.com,2500,JS
285,Mina,Gerasch,mgerasch7w@acquirethisname.com,2500,C
286,Richard,Dabbes,rdabbes7x@google.it,4000,React
287,Brade,Bolin,bbolin7y@businesswire.com,6000,WEB
288,Caprice,Myall,cmyall7z@dailymail.co.uk,5000,C#
289,Annalee,Burchatt,aburchatt80@mysql.com,4500,PYTHON
290,Mick,Parrish,mparrish81@omniture.com,6000,C#
291,Allx,Evett,aevett82@reference.com,2000,Photoshop
292,Anastasie,Flecknoe,aflecknoe83@hhs.gov,3500,Frontend
293,Tova,Bovey,tbovey84@shareasale.com,6000,WEB
294,Morganica,Wisniewski,mwisniewski85@google.ca,5000,JS
295,Julius,Shillington,jshillington86@smugmug.com,2000,WEB
296,Farlee,Yelyashev,fyelyashev87@ihg.com,5000,WEB
297,Crichton,Blase,cblase88@paypal.com,4500,Photoshop
298,Hestia,Klemke,hklemke89@twitter.com,2500,C
299,Artair,Toogood,atoogood8a@hubpages.com,5000,PYTHON
300,Henderson,McKillop,hmckillop8b@google.com.br,2500,JS
301,Wally,Tweedy,wtweedy8c@cafepress.com,5000,C#
302,Patti,Mussared,pmussared8d@jugem.jp,5000,React
303,Illa,Ovanesian,iovanesian8e@ted.com,2000,C
304,Romola,Gavrieli,rgavrieli8f@hexun.com,4500,HTML
305,Raddy,Janusik,rjanusik8g@multiply.com,4000,PYTHON
306,Urbain,Twiggs,utwiggs8h@over-blog.com,4500,React
307,Eyde,Beazley,ebeazley8i@technorati.com,2500,C
308,Gracie,Maunton,gmaunton8j@ft.com,3500,Photoshop
309,Charline,Vickers,cvickers8k@virginia.edu,3500,PYTHON
310,Tiena,Josham,tjosham8l@gmpg.org,3500,C
311,Thom,Crasford,tcrasford8m@washingtonpost.com,2000,React
312,Lanna,Beeckx,lbeeckx8n@ycombinator.com,2500,Photoshop
313,Abbie,Cundict,acundict8o@shutterfly.com,2000,Frontend
314,Tulley,McKimmey,tmckimmey8p@elpais.com,4500,HTML
315,Had,Gait,hgait8q@rakuten.co.jp,4000,JS
316,Maridel,Gladyer,mgladyer8r@addthis.com,2000,React
317,Ardyth,Aberdeen,aaberdeen8s@slideshare.net,3500,WEB
318,Ellen,Jeroch,ejeroch8t@nymag.com,5000,Frontend
319,Findlay,Elfitt,felfitt8u@live.com,6000,C
320,Isidro,Smurthwaite,ismurthwaite8v@nbcnews.com,5000,React
321,Marthe,Windrass,mwindrass8w@xing.com,2000,React
322,Bianka,Canland,bcanland8x@is.gd,4500,Photoshop
323,Jacintha,Wharmby,jwharmby8y@wunderground.com,2000,PYTHON
324,Stuart,Foxon,sfoxon8z@senate.gov,3500,C
325,Cathee,Van der Velden,cvandervelden90@google.es,2000,Frontend
326,Lenka,Shah,lshah91@cocolog-nifty.com,2500,Frontend
327,Kimberlyn,Call,kcall92@craigslist.org,2500,JS
328,Atlante,Hardistry,ahardistry93@squarespace.com,4000,PYTHON
329,Bronny,Dudin,bdudin94@printfriendly.com,2000,JS
330,Dael,Feldmark,dfeldmark95@mozilla.org,4000,HTML
331,Haleigh,Bartos,hbartos96@nature.com,2000,JS
332,Marrissa,Gowman,mgowman97@ow.ly,4000,Frontend
333,Archibold,Doulton,adoulton98@canalblog.com,2500,PYTHON
334,Maurizio,Sturdy,msturdy99@nature.com,2000,JS
335,Welch,Isson,wisson9a@mlb.com,5000,React
336,Doralynn,Donovin,ddonovin9b@e-recht24.de,5000,Frontend
337,Gibby,Meach,gmeach9c@oakley.com,2000,C#
338,Fletcher,Buey,fbuey9d@umn.edu,4000,React
339,Nessie,Piccard,npiccard9e@narod.ru,5000,C
340,Emilia,Snartt,esnartt9f@digg.com,6000,WEB
341,Molli,Sommer,msommer9g@goodreads.com,2500,JS
342,Kandy,Gockelen,kgockelen9h@youtube.com,4000,React
343,Alair,Wadham,awadham9i@tuttocitta.it,2500,Backend
344,Jacquetta,Moxom,jmoxom9j@feedburner.com,3500,Photoshop
345,Martguerita,Saice,msaice9k@nsw.gov.au,6000,PYTHON
346,Ulrick,Pelcheur,upelcheur9l@phpbb.com,2000,Backend
347,Shara,Frangione,sfrangione9m@histats.com,6000,React
348,Talyah,Luttger,tluttger9n@ow.ly,3500,WEB
349,Rice,Oats,roats9o@google.cn,4500,PYTHON
350,Smith,Van Der Walt,svanderwalt9p@cdc.gov,4500,PYTHON
351,Gertrud,Heberden,gheberden9q@taobao.com,3500,Backend
352,Shannah,Arnauduc,sarnauduc9r@howstuffworks.com,4500,HTML
353,Amber,Featherstone,afeatherstone9s@google.co.uk,3500,JS
354,Fax,Allington,fallington9t@cafepress.com,4500,C#
355,Aliza,Sisley,asisley9u@vimeo.com,4000,C
356,Mab,Farrow,mfarrow9v@theatlantic.com,4500,JS
357,Neddy,Traher,ntraher9w@psu.edu,4000,C
358,Kakalina,Fortune,kfortune9x@kickstarter.com,4500,C
359,Witty,Lonsbrough,wlonsbrough9y@fotki.com,2000,React
360,Meg,Lambot,mlambot9z@imgur.com,4500,C
361,Hyacinthe,Winpenny,hwinpennya0@list-manage.com,2000,Frontend
362,Holli,Babbe,hbabbea1@istockphoto.com,2000,Backend
363,Roldan,Mityushin,rmityushina2@msn.com,4500,HTML
364,Zondra,Brandham,zbrandhama3@stumbleupon.com,6000,Backend
365,Thadeus,Voss,tvossa4@ucla.edu,4500,Backend
366,Myrtia,Westoff,mwestoffa5@deviantart.com,5000,C
367,Barb,Kaaskooper,bkaaskoopera6@paypal.com,5000,C
368,Marin,Kempston,mkempstona7@google.com.br,2000,React
369,Fanny,Harler,fharlera8@wikia.com,2000,C#
370,Idell,Sturges,isturgesa9@pcworld.com,3500,HTML
371,Adda,Petyankin,apetyankinaa@indiatimes.com,4500,C
372,Veda,Barta,vbartaab@senate.gov,4000,React
373,Dacey,Ruslen,druslenac@chronoengine.com,3500,Photoshop
374,Stu,Eckley,seckleyad@clickbank.net,2500,PYTHON
375,Amata,Abrehart,aabrehartae@parallels.com,6000,JS
376,Carmita,Dashkov,cdashkovaf@youku.com,4000,Backend
377,Marthe,Ovanesian,movanesianag@google.com.au,4500,WEB
378,Karel,Jiri,kjiriah@xing.com,4000,C
379,Waite,Ernke,wernkeai@google.ca,2500,WEB
380,Joyous,Bowcock,jbowcockaj@purevolume.com,6000,Frontend
381,Opal,Foxcroft,ofoxcroftak@usgs.gov,2000,C
382,Jeramey,Balbeck,jbalbeckal@quantcast.com,3500,JS
383,Abramo,Jehan,ajehanam@statcounter.com,2000,Backend
384,Colver,Grealish,cgrealishan@altervista.org,3500,React
385,Demetrius,Crabb,dcrabbao@google.com.br,4500,WEB
386,Theodor,Guilayn,tguilaynap@scribd.com,4500,Photoshop
387,Cybill,Segebrecht,csegebrechtaq@mozilla.org,2500,React
388,Lenna,Snoxill,lsnoxillar@t.co,4000,C
389,Yulma,Wixey,ywixeyas@tiny.cc,6000,WEB
390,Myrtice,Briskey,mbriskeyat@usa.gov,4500,Photoshop
391,Orel,Tudbald,otudbaldau@github.com,3500,JS
392,Ravid,Seaking,rseakingav@usa.gov,5000,Backend
393,Aylmar,Kingett,akingettaw@devhub.com,2500,React
394,Clio,Mutton,cmuttonax@businessweek.com,3500,C
395,Fancie,Castanho,fcastanhoay@wisc.edu,2000,Frontend
396,Eolande,Pearson,epearsonaz@unesco.org,2000,C
397,Ingrim,Allsep,iallsepb0@barnesandnoble.com,5000,C#
398,Harmony,McIlvenna,hmcilvennab1@bbc.co.uk,4500,PYTHON
399,Lutero,Semechik,lsemechikb2@kickstarter.com,5000,WEB
400,Rianon,Spare,rspareb3@jigsy.com,2000,C#
401,Lucille,Von Brook,lvonbrookb4@imdb.com,6000,C
402,Nikolaos,Amesbury,namesburyb5@taobao.com,4500,WEB
403,Jo-ann,Nurden,jnurdenb6@washingtonpost.com,3500,HTML
404,Hercules,Torrejon,htorrejonb7@unesco.org,4500,WEB
405,Bevin,Vamplers,bvamplersb8@paginegialle.it,3500,Frontend
406,Morrie,Kase,mkaseb9@odnoklassniki.ru,3500,React
407,Conroy,Rankmore,crankmoreba@hhs.gov,5000,Frontend
408,Benedicto,Wheelhouse,bwheelhousebb@ezinearticles.com,4000,C
409,Farra,Andren,fandrenbc@google.com.br,6000,HTML
410,Norry,Dobbins,ndobbinsbd@eepurl.com,3500,C#
411,Darsey,Pickton,dpicktonbe@ezinearticles.com,4000,WEB
412,Johannah,Hallad,jhalladbf@bluehost.com,3500,JS
413,Eula,McVane,emcvanebg@shareasale.com,2000,C#
414,Griff,Tampion,gtampionbh@accuweather.com,6000,WEB
415,Selle,Brauninger,sbrauningerbi@miitbeian.gov.cn,2000,C
416,Kylie,Castelin,kcastelinbj@vkontakte.ru,3500,React
417,Raine,Casiroli,rcasirolibk@china.com.cn,6000,WEB
418,Josi,Langham,jlanghambl@yahoo.com,4500,Backend
419,Christie,Farleigh,cfarleighbm@bandcamp.com,4500,JS
420,Sharleen,Kubacek,skubacekbn@goo.gl,2500,Frontend
421,Phedra,Shakesby,pshakesbybo@businessweek.com,2500,Photoshop
422,Meaghan,Revely,mrevelybp@digg.com,3500,Frontend
423,Hayyim,Finnemore,hfinnemorebq@cmu.edu,4000,Photoshop
424,Kennan,Troak,ktroakbr@utexas.edu,6000,React
425,Antony,Kytley,akytleybs@google.de,3500,PYTHON
426,Beryle,Duffyn,bduffynbt@washington.edu,5000,Backend
427,Dougie,Micheu,dmicheubu@soundcloud.com,5000,Backend
428,Hubie,Chard,hchardbv@ocn.ne.jp,2000,Backend
429,Nata,Randalson,nrandalsonbw@ezinearticles.com,2500,C
430,Shane,Maulden,smauldenbx@marketwatch.com,4000,JS
431,Cissy,Jaze,cjazeby@wunderground.com,5000,PYTHON
432,Errol,Bartoszek,ebartoszekbz@wikia.com,2500,HTML
433,Maris,Darlasson,mdarlassonc0@upenn.edu,2500,C
434,Wilfred,Haston,whastonc1@go.com,2000,C#
435,Alberta,Kilvington,akilvingtonc2@boston.com,2500,C#
436,Analise,Kubatsch,akubatschc3@home.pl,5000,Photoshop
437,Jeanette,Boffey,jboffeyc4@sakura.ne.jp,2000,C
438,Angel,Curlis,acurlisc5@sitemeter.com,6000,C
439,Patrizio,Kennefick,pkennefickc6@seattletimes.com,2500,C#
440,Bonita,Ager,bagerc7@acquirethisname.com,5000,C#
441,Kizzee,Shiel,kshielc8@cdbaby.com,3500,Backend
442,Farley,Creagh,fcreaghc9@cyberchimps.com,4000,HTML
443,Langsdon,Teeney,lteeneyca@google.com,2000,Frontend
444,Emmett,Neild,eneildcb@ow.ly,4000,Photoshop
445,Hodge,Aymeric,haymericcc@scribd.com,2500,HTML
446,Brittni,Ethridge,bethridgecd@umn.edu,5000,C
447,Waldemar,Farfolomeev,wfarfolomeevce@mac.com,2000,Photoshop
448,Wendy,Wimp,wwimpcf@japanpost.jp,2500,HTML
449,Merrill,Schechter,mschechtercg@edublogs.org,4500,HTML
450,Shawnee,Kettlestringe,skettlestringech@bigcartel.com,2500,JS
451,Delinda,Segoe,dsegoeci@newsvine.com,4000,WEB
452,Demetre,Line,dlinecj@omniture.com,4000,C
453,Jaquenette,Livingston,jlivingstonck@aboutads.info,4500,C
454,Denyse,Khosa,dkhosacl@google.fr,2500,PYTHON
455,Jeremie,Byk,jbykcm@cornell.edu,4000,Photoshop
456,Ali,Suerz,asuerzcn@sphinn.com,2500,React
457,Rozelle,Zylberdik,rzylberdikco@wordpress.org,5000,C
458,Land,Levington,llevingtoncp@tmall.com,2000,React
459,Jamaal,Hamm,jhammcq@xrea.com,6000,Photoshop
460,Rad,Stockton,rstocktoncr@weather.com,2500,C
461,Katuscha,Loft,kloftcs@census.gov,2000,C#
462,Yasmeen,Crudgington,ycrudgingtonct@multiply.com,2000,Backend
463,Leann,Slaymaker,lslaymakercu@state.gov,4500,HTML
464,Horatius,Burlay,hburlaycv@nsw.gov.au,2500,Photoshop
465,Clarice,Perks,cperkscw@pbs.org,4000,React
466,Conni,Nicholls,cnichollscx@pcworld.com,4000,Photoshop
467,Zacherie,Orae,zoraecy@privacy.gov.au,4000,WEB
468,Nixie,Lemanu,nlemanucz@meetup.com,4500,Backend
469,Pen,Pearcy,ppearcyd0@paginegialle.it,6000,C
470,Zacherie,Niesing,zniesingd1@fastcompany.com,4000,Frontend
471,Coralie,Robrose,crobrosed2@cafepress.com,5000,Photoshop
472,Hy,Coton,hcotond3@flavors.me,3500,Frontend
473,Eddie,Jagiello,ejagiellod4@google.cn,6000,PYTHON
474,Gertrudis,Ottawell,gottawelld5@foxnews.com,5000,React
475,Christy,Gilkison,cgilkisond6@ebay.co.uk,5000,React
476,Merrile,Luppitt,mluppittd7@amazon.com,4500,C
477,Oliy,Grange,ogranged8@europa.eu,2500,Frontend
478,Symon,Sexti,ssextid9@bloglines.com,2000,C#
479,Stanly,Godmar,sgodmarda@people.com.cn,4000,C
480,Margi,Hindrich,mhindrichdb@adobe.com,6000,HTML
481,Loria,Havvock,lhavvockdc@comsenz.com,4000,Backend
482,Mandi,Nares,mnaresdd@mtv.com,2000,React
483,Chaddie,Beldan,cbeldande@cam.ac.uk,2000,C
484,Eimile,Biggs,ebiggsdf@miitbeian.gov.cn,4500,Backend
485,Tiffany,Lewsie,tlewsiedg@imageshack.us,6000,C
486,Sonia,Marde,smardedh@prlog.org,6000,HTML
487,Marrissa,Giff,mgiffdi@rediff.com,3500,Photoshop
488,Celestine,Mieville,cmievilledj@census.gov,4500,C
489,Raine,Nyland,rnylanddk@mozilla.com,2500,WEB
490,Roddy,Simester,rsimesterdl@blogspot.com,2000,HTML
491,Peta,Balkwill,pbalkwilldm@webs.com,2000,C#
492,Ettie,Stebbin,estebbindn@msn.com,4500,Frontend
493,Roanna,Giggie,rgiggiedo@instagram.com,5000,Backend
494,Willi,Simnell,wsimnelldp@bravesites.com,2500,JS
495,Darla,Tebbutt,dtebbuttdq@edublogs.org,6000,PYTHON
496,Steffane,Youell,syouelldr@harvard.edu,2500,Frontend
497,Joleen,Janczak,jjanczakds@auda.org.au,5000,C
498,Orsa,Kubalek,okubalekdt@prlog.org,4500,C
499,Uta,Richford,urichforddu@hubpages.com,3500,Backend
500,Stacy,Quiddihy,squiddihydv@yale.edu,3500,Photoshop
501,Luise,Ranvoise,lranvoisedw@ebay.co.uk,2500,PYTHON
502,Mahalia,Farres,mfarresdx@merriam-webster.com,4000,Photoshop
503,Maddy,Brastead,mbrasteaddy@quantcast.com,2000,C
504,Nikola,Bullin,nbullindz@domainmarket.com,5000,C
505,Lindsay,Kinglesyd,lkinglesyde0@jimdo.com,3500,JS
506,Karmen,D'Alesco,kdalescoe1@imdb.com,4000,Photoshop
507,Hannah,Leile,hleilee2@about.me,5000,React
508,Stillman,Harber,sharbere3@people.com.cn,3500,C
509,Rhianon,Van Driel,rvandriele4@ovh.net,4500,Frontend
510,Jessy,Elmore,jelmoree5@alexa.com,2000,WEB
511,Marget,Mewett,mmewette6@blinklist.com,4000,Photoshop
512,Barbra,Ryton,brytone7@twitter.com,6000,C
513,Selia,Blasetti,sblasettie8@amazon.co.uk,4000,Photoshop
514,Orville,Isbell,oisbelle9@marriott.com,6000,WEB
515,Irene,Plak,iplakea@woothemes.com,4000,WEB
516,Anne,Keesman,akeesmaneb@macromedia.com,5000,HTML
517,Booth,McMickan,bmcmickanec@sbwire.com,2500,C
518,Chere,Warlton,cwarltoned@forbes.com,3500,JS
519,Claudine,Loges,clogesee@joomla.org,3500,JS
520,Janey,Lutas,jlutasef@ebay.com,2000,C
521,Manda,Clemon,mclemoneg@businessweek.com,3500,C
522,Otes,Goldfinch,ogoldfincheh@nbcnews.com,6000,Photoshop
523,Filip,Campling,fcamplingei@howstuffworks.com,5000,WEB
524,Datha,Stenet,dstenetej@japanpost.jp,4500,Photoshop
525,Lottie,Rasell,lrasellek@vistaprint.com,4500,Photoshop
526,Cristie,Prescot,cprescotel@sphinn.com,3500,Backend
527,Kristian,Winston,kwinstonem@bloomberg.com,4000,C
528,Rochell,Lewzey,rlewzeyen@smh.com.au,3500,JS
529,Kathrine,MacAne,kmacaneeo@springer.com,2000,React
530,Iolanthe,McGruar,imcgruarep@live.com,2500,C
531,Arlene,Prisk,apriskeq@amazonaws.com,3500,C
532,Haley,Derkes,hderkeser@goo.gl,4500,Frontend
533,Francene,Crambie,fcrambiees@google.es,3500,JS
534,Maddi,Cohalan,mcohalanet@csmonitor.com,2500,JS
535,Phylys,Bovey,pboveyeu@artisteer.com,3500,React
536,Jabez,Conen,jconenev@nbcnews.com,2500,C
537,Hashim,Scarth,hscarthew@yandex.ru,4000,Frontend
538,Shelton,Dufore,sduforeex@zimbio.com,6000,JS
539,Peter,Giraths,pgirathsey@e-recht24.de,4500,WEB
540,Lyndsay,Charrier,lcharrierez@nydailynews.com,6000,C#
541,Randell,Niemetz,rniemetzf0@state.gov,3500,JS
542,Rufus,Gorringe,rgorringef1@networkadvertising.org,2500,JS
543,Shayne,Smallacombe,ssmallacombef2@addtoany.com,4500,C
544,Erroll,Ricarde,ericardef3@ask.com,4000,Photoshop
545,Federica,Roistone,froistonef4@reddit.com,2000,Photoshop
546,Rory,Williamson,rwilliamsonf5@un.org,5000,PYTHON
547,Viviene,Yorston,vyorstonf6@gizmodo.com,4500,C
548,Lamond,Kennerley,lkennerleyf7@google.co.uk,6000,Backend
549,Bambi,Casterton,bcastertonf8@spotify.com,2500,HTML
550,Murray,Patrono,mpatronof9@moonfruit.com,6000,Backend
551,Gretal,Freund,gfreundfa@paypal.com,2500,Photoshop
552,Norry,Tym,ntymfb@usa.gov,5000,PYTHON
553,Mart,Juares,mjuaresfc@walmart.com,3500,WEB
554,Michal,Haseman,mhasemanfd@de.vu,2500,C#
555,Dorian,Sheppard,dsheppardfe@theatlantic.com,5000,WEB
556,Kikelia,Seefeldt,kseefeldtff@mac.com,4000,C
557,Katha,Marconi,kmarconifg@cnn.com,2000,C
558,Reginald,Gilligan,rgilliganfh@typepad.com,4000,HTML
559,Bord,Harse,bharsefi@house.gov,2500,JS
560,Kelsy,Cridlin,kcridlinfj@wordpress.org,4000,Photoshop
561,Holly-anne,Millthorpe,hmillthorpefk@booking.com,5000,PYTHON
562,Ruprecht,Gibbieson,rgibbiesonfl@rambler.ru,3500,Photoshop
563,Carlie,Booy,cbooyfm@blogspot.com,2000,C#
564,Kati,Thieme,kthiemefn@miitbeian.gov.cn,3500,WEB
565,Barty,Lambrook,blambrookfo@weebly.com,2500,Photoshop
566,Maggie,Rowden,mrowdenfp@reverbnation.com,2000,React
567,Flory,Castiglioni,fcastiglionifq@nymag.com,4500,HTML
568,Leonelle,Redpath,lredpathfr@oaic.gov.au,6000,Frontend
569,Margery,Robatham,mrobathamfs@prweb.com,2000,React
570,Glendon,Rispine,grispineft@shop-pro.jp,6000,Backend
571,Tracie,Itzhaiek,titzhaiekfu@theguardian.com,2000,Photoshop
572,Sherman,Idell,sidellfv@posterous.com,3500,React
573,Korella,Cordle,kcordlefw@state.gov,2500,JS
574,Kathe,Gilmore,kgilmorefx@usatoday.com,4500,HTML
575,Bernie,Bordman,bbordmanfy@irs.gov,6000,C#
576,Elvera,Faughny,efaughnyfz@businessweek.com,4500,JS
577,Maudie,Theseira,mtheseirag0@storify.com,3500,C
578,Edie,Gumly,egumlyg1@mediafire.com,4000,React
579,Queenie,Rigby,qrigbyg2@google.pl,5000,C#
580,Rhoda,Bradshaw,rbradshawg3@oracle.com,3500,Backend
581,Nananne,Sheirlaw,nsheirlawg4@whitehouse.gov,4000,Backend
582,Arvin,Heck,aheckg5@usnews.com,2000,Frontend
583,Yul,Leak,yleakg6@google.it,2000,PYTHON
584,Mozelle,Enric,menricg7@howstuffworks.com,5000,JS
585,Sonnie,Paulisch,spaulischg8@berkeley.edu,4000,C#
586,Chandler,Sherland,csherlandg9@dailymotion.com,4500,JS
587,Alis,Stewartson,astewartsonga@twitter.com,4500,Frontend
588,Ozzy,Cathro,ocathrogb@gnu.org,2000,HTML
589,Cornall,Attkins,cattkinsgc@tmall.com,3500,Backend
590,Duky,Feronet,dferonetgd@cyberchimps.com,3500,WEB
591,Linda,Stanbury,lstanburyge@tinypic.com,4000,WEB
592,Annamaria,Aaronson,aaaronsongf@cnet.com,3500,HTML
593,Justin,Crabbe,jcrabbegg@archive.org,6000,Frontend
594,Ahmed,Janous,ajanousgh@tripadvisor.com,2500,React
595,Delora,Blazewicz,dblazewiczgi@samsung.com,4500,C
596,Martita,Seawell,mseawellgj@baidu.com,6000,Backend
597,Vonnie,Peaurt,vpeaurtgk@hhs.gov,2500,C#
598,Dalila,Patkin,dpatkingl@utexas.edu,6000,Backend
599,Mae,Chubb,mchubbgm@zdnet.com,4000,Photoshop
600,Madelon,Deppen,mdeppengn@kickstarter.com,6000,C
601,Jania,Boutwell,jboutwellgo@hc360.com,4000,Photoshop
602,Ingemar,Stairs,istairsgp@mapquest.com,6000,C#
603,Collen,Dillintone,cdillintonegq@epa.gov,5000,C
604,Ariella,Chillistone,achillistonegr@rakuten.co.jp,4000,React
605,Brien,Simmonite,bsimmonitegs@gmpg.org,4000,Photoshop
606,Hill,Frankling,hfranklinggt@youtu.be,2500,Frontend
607,Cornelia,Dymond,cdymondgu@nydailynews.com,2000,HTML
608,Gilbertine,Sutterfield,gsutterfieldgv@msu.edu,4500,Frontend
609,Dulcea,Yorston,dyorstongw@dion.ne.jp,4000,PYTHON
610,Fey,Clymo,fclymogx@omniture.com,2000,JS
611,Hettie,Konmann,hkonmanngy@infoseek.co.jp,5000,C#
612,Tracee,Pembery,tpemberygz@issuu.com,5000,C
613,Marinna,Vasilyonok,mvasilyonokh0@amazon.co.uk,5000,C
614,Vassily,Wipper,vwipperh1@wikia.com,3500,PYTHON
615,Loria,Saunton,lsauntonh2@plala.or.jp,5000,WEB
616,Fletch,Jorcke,fjorckeh3@nasa.gov,3500,Backend
617,Nikita,Deaville,ndeavilleh4@fastcompany.com,3500,Photoshop
618,Patty,Duham,pduhamh5@tumblr.com,2500,Frontend
619,Cherise,Lansdown,clansdownh6@samsung.com,4500,C#
620,Kendrick,Averall,kaverallh7@washingtonpost.com,2500,JS
621,Susanna,Wailes,swailesh8@thetimes.co.uk,2000,C
622,Trumaine,Poor,tpoorh9@amazon.co.jp,4500,React
623,Goddard,Vowles,gvowlesha@artisteer.com,6000,JS
624,Jaime,Willcock,jwillcockhb@homestead.com,2000,Photoshop
625,Aleen,Neumann,aneumannhc@reference.com,6000,WEB
626,Michell,Yetton,myettonhd@opensource.org,5000,C#
627,Rurik,Hanshawe,rhanshawehe@oaic.gov.au,2500,WEB
628,Gardiner,Eshmade,geshmadehf@phpbb.com,2500,C
629,Gearalt,Pariso,gparisohg@ucoz.ru,6000,Frontend
630,Maisey,Grief,mgriefhh@hao123.com,3500,JS
631,Melantha,Rosbrough,mrosbroughhi@netscape.com,2000,PYTHON
632,Ki,Janny,kjannyhj@merriam-webster.com,2000,HTML
633,Nata,Dameisele,ndameiselehk@goo.ne.jp,2000,C#
634,Cara,Ohms,cohmshl@java.com,5000,PYTHON
635,Cristal,Derycot,cderycothm@mediafire.com,3500,C
636,Cobbie,Sidary,csidaryhn@people.com.cn,4500,Frontend
637,Lev,Simak,lsimakho@wordpress.org,3500,C
638,Paulina,Gavrielly,pgavriellyhp@bravesites.com,6000,HTML
639,Hannah,Terbruggen,hterbruggenhq@salon.com,4000,JS
640,Ivory,Oseland,ioselandhr@free.fr,6000,PYTHON
641,Moreen,Charley,mcharleyhs@cdbaby.com,2500,PYTHON
642,Leola,Fedder,lfedderht@hao123.com,5000,React
643,Gaylor,Cavalier,gcavalierhu@bravesites.com,5000,JS
644,Dominick,Pirri,dpirrihv@patch.com,5000,C#
645,Dionisio,Killeley,dkilleleyhw@wix.com,4000,C#
646,Archambault,Gajewski,agajewskihx@networksolutions.com,5000,HTML
647,Aron,Segrave,asegravehy@geocities.jp,4500,C
648,Zeb,Wetherburn,zwetherburnhz@paypal.com,4000,WEB
649,Read,Demogeot,rdemogeoti0@gravatar.com,3500,React
650,Nicolis,Kinworthy,nkinworthyi1@sourceforge.net,5000,C
651,Samuel,Ruggs,sruggsi2@dmoz.org,5000,Photoshop
652,Elvina,Slimming,eslimmingi3@google.com.hk,4000,WEB
653,Gibb,Iannello,giannelloi4@list-manage.com,2000,Photoshop
654,Boyd,Waterhouse,bwaterhousei5@dyndns.org,6000,Frontend
655,Kinny,Roxbee,kroxbeei6@cargocollective.com,6000,Photoshop
656,Addie,Cicconetti,acicconettii7@alexa.com,2500,Frontend
657,Paddie,Salzburger,psalzburgeri8@friendfeed.com,4000,C
658,Misha,Thorius,mthoriusi9@latimes.com,3500,JS
659,Shea,Tennant,stennantia@dot.gov,4500,C#
660,Aleece,Weldrick,aweldrickib@google.co.jp,2500,Frontend
661,Melita,Blais,mblaisic@craigslist.org,2500,Frontend
662,Asa,Beirne,abeirneid@jigsy.com,6000,C
663,Kearney,Chewter,kchewterie@storify.com,3500,Frontend
664,Ursuline,Kardos-Stowe,ukardosstoweif@zimbio.com,4500,React
665,Jackie,Hoofe,jhoofeig@amazon.com,4000,C#
666,Nissy,Dumphy,ndumphyih@cyberchimps.com,3500,C#
667,Brennan,Marczyk,bmarczykii@nationalgeographic.com,4500,PYTHON
668,Danyette,Baldrey,dbaldreyij@nyu.edu,2500,PYTHON
669,Milty,Juett,mjuettik@usgs.gov,4500,C
670,John,Manuello,jmanuelloil@bravesites.com,4500,C
671,Charo,Doche,cdocheim@clickbank.net,2000,WEB
672,Lay,Cunnane,lcunnanein@barnesandnoble.com,6000,C#
673,Lizzy,O'Crevy,locrevyio@huffingtonpost.com,3500,C
674,Ardith,Tullis,atullisip@xrea.com,5000,JS
675,Garrett,Wayman,gwaymaniq@bigcartel.com,5000,Backend
676,Goldia,Braddock,gbraddockir@purevolume.com,6000,WEB
677,Kennan,Salter,ksalteris@hp.com,4500,C
678,Innis,Glen,iglenit@histats.com,3500,WEB
679,Ennis,Busse,ebusseiu@tamu.edu,4500,PYTHON
680,Dare,Greasty,dgreastyiv@dell.com,4500,WEB
681,Roxanne,Brucker,rbruckeriw@cnbc.com,3500,C#
682,Sharline,Hoolaghan,shoolaghanix@slate.com,4000,React
683,Eldridge,Frary,efraryiy@shareasale.com,3500,PYTHON
684,Vaughn,Ferres,vferresiz@twitter.com,2000,JS
685,Codee,Northam,cnorthamj0@multiply.com,6000,React
686,Andriana,Leivesley,aleivesleyj1@intel.com,2500,PYTHON
687,Geoff,Surtees,gsurteesj2@163.com,2000,Frontend
688,Carin,Crellim,ccrellimj3@yale.edu,6000,PYTHON
689,Edwina,Arni,earnij4@vinaora.com,2000,PYTHON
690,Missy,Pearce,mpearcej5@google.it,5000,Backend
691,Aurel,Townsend,atownsendj6@businesswire.com,2500,Frontend
692,Dex,Lesaunier,dlesaunierj7@dailymail.co.uk,4500,C#
693,Everett,MacIntyre,emacintyrej8@google.com,4500,JS
694,Pet,Normansell,pnormansellj9@examiner.com,2000,WEB
695,Shepard,Crickmer,scrickmerja@weather.com,3500,Frontend
696,Evie,Anderson,eandersonjb@pcworld.com,6000,Photoshop
697,Calida,Purton,cpurtonjc@cbc.ca,4000,JS
698,Bellanca,Kolyagin,bkolyaginjd@usgs.gov,2500,WEB
699,Ottilie,Sam,osamje@cnn.com,5000,PYTHON
700,Raina,Eudall,reudalljf@noaa.gov,5000,Frontend
701,Bentlee,Daleman,bdalemanjg@foxnews.com,2500,C
702,Claudian,O'Lyhane,colyhanejh@live.com,5000,HTML
703,Terrell,Ansett,tansettji@behance.net,3500,WEB
704,Giraud,Truman,gtrumanjj@taobao.com,5000,C
705,Boyd,Lemmen,blemmenjk@wikia.com,2000,Photoshop
706,Udall,Arnoll,uarnolljl@blog.com,2500,PYTHON
707,Idelle,Crevagh,icrevaghjm@phpbb.com,4000,C#
708,Emmerich,Bolduc,ebolducjn@dailymail.co.uk,4500,Frontend
709,Jdavie,Pittet,jpittetjo@ucoz.ru,2000,Photoshop
710,Roberta,Ninnotti,rninnottijp@scientificamerican.com,2500,HTML
711,Keen,Coleridge,kcoleridgejq@yolasite.com,6000,C#
712,Tobe,Huffer,thufferjr@hatena.ne.jp,2500,WEB
713,Hertha,Garmanson,hgarmansonjs@etsy.com,4000,PYTHON
714,Anthe,Marmon,amarmonjt@com.com,4500,React
715,Phip,Kramer,pkramerju@economist.com,3500,Photoshop
716,Sibeal,Yakebowitch,syakebowitchjv@rambler.ru,3500,Frontend
717,Mace,Janicijevic,mjanicijevicjw@eventbrite.com,4000,C
718,Lindsey,Carvil,lcarviljx@google.pl,6000,Photoshop
719,Karlotta,Hannaby,khannabyjy@pbs.org,6000,Backend
720,Dix,Merle,dmerlejz@state.tx.us,6000,React
721,Helaine,Osgerby,hosgerbyk0@biglobe.ne.jp,6000,HTML
722,Greer,Smickle,gsmicklek1@stanford.edu,3500,Frontend
723,Angeli,Janous,ajanousk2@examiner.com,4500,Backend
724,Wanids,O'Regan,woregank3@alexa.com,2500,C#
725,Colly,McCoveney,cmccoveneyk4@xrea.com,3500,C
726,Jyoti,Shortt,jshorttk5@vinaora.com,3500,Photoshop
727,Nance,Snowball,nsnowballk6@e-recht24.de,2500,WEB
728,Mignon,Dumke,mdumkek7@howstuffworks.com,6000,C#
729,Merralee,Wyldish,mwyldishk8@reverbnation.com,3500,C#
730,Nesta,O'Dyvoie,nodyvoiek9@storify.com,4500,React
731,Ernst,Dybell,edybellka@so-net.ne.jp,2000,C
732,Inez,Westcarr,iwestcarrkb@yahoo.com,2000,Backend
733,Gilburt,Woodfin,gwoodfinkc@marriott.com,6000,Photoshop
734,Rip,Neaverson,rneaversonkd@histats.com,2500,Backend
735,Consalve,Boutwell,cboutwellke@zimbio.com,5000,Photoshop
736,Dreddy,Bramall,dbramallkf@sfgate.com,4500,React
737,Edgar,Easter,eeasterkg@yellowpages.com,4500,React
738,Neely,Facher,nfacherkh@bloglovin.com,5000,C#
739,Selestina,Kendrick,skendrickki@discovery.com,3500,C
740,Alain,Van der Kruis,avanderkruiskj@so-net.ne.jp,4500,C
741,Tasha,Branscomb,tbranscombkk@adobe.com,6000,HTML
742,Ogden,McCarlie,omccarliekl@yahoo.co.jp,2500,HTML
743,Idell,Lung,ilungkm@usatoday.com,4500,JS
744,Cornall,Gorghetto,cgorghettokn@alexa.com,3500,PYTHON
745,Gustave,Hallgath,ghallgathko@exblog.jp,2000,C
746,Lucinda,Phidgin,lphidginkp@technorati.com,3500,Frontend
747,Leeland,Knowlman,lknowlmankq@example.com,6000,C
748,Ansel,Gouda,agoudakr@fda.gov,2000,WEB
749,Brandy,Haith,bhaithks@timesonline.co.uk,5000,C
750,Billi,Milesop,bmilesopkt@mac.com,6000,Frontend
751,Virgil,Rupke,vrupkeku@com.com,5000,C
752,Louis,Aleksandrikin,laleksandrikinkv@marriott.com,2500,Photoshop
753,Abra,Pawling,apawlingkw@friendfeed.com,2500,C
754,Gwyn,Studart,gstudartkx@reuters.com,6000,JS
755,Tomasina,Baddoe,tbaddoeky@craigslist.org,4000,Backend
756,Yule,Zanetti,yzanettikz@xinhuanet.com,2500,Backend
757,Aimee,Kingzett,akingzettl0@fda.gov,3500,React
758,Aylmer,Tressler,atresslerl1@flavors.me,2000,Backend
759,Torrie,Reaney,treaneyl2@constantcontact.com,3500,C
760,Rourke,Temporal,rtemporall3@ftc.gov,3500,JS
761,Kipper,Molesworth,kmolesworthl4@ted.com,6000,C#
762,Joleen,Lipp,jlippl5@51.la,4500,PYTHON
763,Lorene,Belchamp,lbelchampl6@printfriendly.com,6000,JS
764,Lovell,Verlinde,lverlindel7@behance.net,3500,Photoshop
765,Ramon,Sever,rseverl8@ycombinator.com,5000,WEB
766,Gunilla,Dunbleton,gdunbletonl9@youku.com,3500,C
767,Indira,Sinott,isinottla@washingtonpost.com,4000,PYTHON
768,Liz,Taylor,ltaylorlb@google.nl,2000,HTML
769,Noel,Garnett,ngarnettlc@scientificamerican.com,4000,PYTHON
770,Zahara,Simionescu,zsimionesculd@redcross.org,4000,C
771,Nichol,Boullin,nboullinle@domainmarket.com,4000,HTML
772,Rhett,Pim,rpimlf@booking.com,4000,JS
773,Rosana,Tabour,rtabourlg@jalbum.net,6000,Photoshop
774,Brita,Hayle,bhaylelh@mapy.cz,5000,Frontend
775,Mendie,Chesterton,mchestertonli@weebly.com,4000,JS
776,Kevon,Batty,kbattylj@i2i.jp,2500,PYTHON
777,Alyss,Vasilov,avasilovlk@ovh.net,2000,React
778,Wallis,Alban,walbanll@java.com,2000,JS
779,Lambert,Guthrie,lguthrielm@123-reg.co.uk,2000,Frontend
780,Nicoline,Yitzhak,nyitzhakln@cam.ac.uk,4500,HTML
781,Thoma,Lidbetter,tlidbetterlo@51.la,2500,WEB
782,Nananne,Nibley,nnibleylp@cornell.edu,2000,JS
783,Amara,Bauld,abauldlq@scientificamerican.com,2000,C
784,Nertie,Dudmarsh,ndudmarshlr@europa.eu,2500,C
785,Lorrin,MacKeague,lmackeaguels@mlb.com,2000,React
786,Neda,Farey,nfareylt@bbb.org,6000,C#
787,Farr,Minshull,fminshulllu@bing.com,6000,C
788,Erinna,Laidlow,elaidlowlv@reference.com,6000,Backend
789,Briny,Ast,bastlw@fc2.com,2000,HTML
790,Brew,Chidgey,bchidgeylx@ustream.tv,5000,JS
791,Moyna,Renad,mrenadly@last.fm,6000,JS
792,Alphonse,Ballister,aballisterlz@feedburner.com,2000,HTML
793,Pen,Alfwy,palfwym0@macromedia.com,6000,Photoshop
794,Agnesse,Merida,ameridam1@behance.net,4000,Backend
795,Tori,Hollyer,thollyerm2@apple.com,2500,PYTHON
796,Odetta,Akester,oakesterm3@hostgator.com,4000,HTML
797,Lib,Bennellick,lbennellickm4@alexa.com,2500,HTML
798,Blake,Garnsworthy,bgarnsworthym5@ucla.edu,4000,React
799,Eustacia,Durkin,edurkinm6@webmd.com,3500,WEB
800,Olivette,Grinyov,ogrinyovm7@toplist.cz,2500,JS
801,La verne,Jeayes,ljeayesm8@thetimes.co.uk,2000,Frontend
802,Kerrill,Paskin,kpaskinm9@cdbaby.com,3500,Backend
803,Bevon,Ronaldson,bronaldsonma@usda.gov,4500,HTML
804,Pen,Urridge,purridgemb@canalblog.com,2000,Backend
805,Boothe,Grollmann,bgrollmannmc@nhs.uk,2500,React
806,Alikee,Gautrey,agautreymd@geocities.com,6000,Backend
807,Aveline,Jeandon,ajeandonme@photobucket.com,5000,Frontend
808,Kalie,Padrick,kpadrickmf@google.es,4500,C
809,Edythe,Lichfield,elichfieldmg@jigsy.com,4500,C#
810,Felicdad,Males,fmalesmh@apache.org,6000,JS
811,Blancha,Bitcheno,bbitchenomi@bizjournals.com,2500,C#
812,Rennie,Stallibrass,rstallibrassmj@psu.edu,4000,PYTHON
813,Alanah,Luberto,alubertomk@fda.gov,4000,C#
814,Sidonia,Schooling,sschoolingml@uiuc.edu,3500,Backend
815,Bernadene,Davidge,bdavidgemm@reddit.com,2000,C
816,Elnora,Rysom,erysommn@europa.eu,2500,Photoshop
817,Cody,Sambath,csambathmo@washington.edu,4500,C
818,Ahmad,Flaubert,aflaubertmp@infoseek.co.jp,2000,C
819,Tonya,Stirrup,tstirrupmq@admin.ch,2500,WEB
820,Wilie,Jagiello,wjagiellomr@amazon.com,4500,React
821,Jonathan,Griswood,jgriswoodms@goo.ne.jp,4500,JS
822,Sue,Chable,schablemt@buzzfeed.com,4500,HTML
823,Carissa,Pastor,cpastormu@moonfruit.com,6000,WEB
824,Cele,Bomfield,cbomfieldmv@shop-pro.jp,3500,C#
825,Yorker,Reven,yrevenmw@csmonitor.com,6000,C
826,Kaile,Adrian,kadrianmx@xinhuanet.com,3500,HTML
827,Alikee,Branney,abranneymy@unesco.org,2500,PYTHON
828,Lay,Caen,lcaenmz@wired.com,2500,Backend
829,Edy,Dignan,edignann0@symantec.com,4000,PYTHON
830,Lindon,Shafier,lshafiern1@hubpages.com,6000,HTML
831,Maiga,Rizon,mrizonn2@census.gov,2000,HTML
832,Margaretta,Povall,mpovalln3@japanpost.jp,4000,Photoshop
833,Odetta,Mackiewicz,omackiewiczn4@nature.com,2500,React
834,Lark,Albutt,lalbuttn5@wp.com,3500,Photoshop
835,Cleveland,Durrant,cdurrantn6@dot.gov,5000,Photoshop
836,Joane,Dilawey,jdilaweyn7@livejournal.com,4500,HTML
837,Lynette,Haughin,lhaughinn8@uiuc.edu,5000,Backend
838,Nady,Blackaller,nblackallern9@slashdot.org,2000,C
839,Elnar,Paradis,eparadisna@mapquest.com,2000,React
840,Wilden,Abrahamowitcz,wabrahamowitcznb@google.co.uk,3500,Frontend
841,Hazel,Joseph,hjosephnc@epa.gov,4500,Frontend
842,Jaclin,Heckney,jheckneynd@oaic.gov.au,2500,PYTHON
843,Matthew,Nelm,mnelmne@netlog.com,2000,Frontend
844,Norma,Adamiec,nadamiecnf@behance.net,5000,Frontend
845,Stefanie,Sorby,ssorbyng@cdbaby.com,5000,C
846,Cherilyn,Jasik,cjasiknh@ezinearticles.com,4000,C
847,Steve,Lory,sloryni@cyberchimps.com,2500,React
848,Albertina,Kedslie,akedslienj@hugedomains.com,4500,C
849,Yanaton,Vasilmanov,yvasilmanovnk@tamu.edu,2000,Photoshop
850,Harmony,Crake,hcrakenl@si.edu,6000,React
851,Ethelin,De Few,edefewnm@chronoengine.com,4000,JS
852,Benita,Timmins,btimminsnn@ft.com,5000,C
853,Jessa,Proback,jprobackno@woothemes.com,2000,PYTHON
854,Gard,Castiello,gcastiellonp@fotki.com,2500,C#
855,Shayna,Gotcliff,sgotcliffnq@ibm.com,2000,C
856,Garrard,Manuel,gmanuelnr@yellowpages.com,2500,Photoshop
857,Vivi,Burniston,vburnistonns@amazonaws.com,6000,JS
858,Vevay,Heed,vheednt@eventbrite.com,5000,Photoshop
859,Curr,Cardwell,ccardwellnu@dedecms.com,2000,C
860,Sadye,Perkins,sperkinsnv@bravesites.com,2500,Photoshop
861,Merrilee,Wrathall,mwrathallnw@java.com,2500,Backend
862,Charla,Walaron,cwalaronnx@blogs.com,2000,Frontend
863,Gabe,Lotze,glotzeny@photobucket.com,3500,Backend
864,Gibb,Skillanders,gskillandersnz@ucoz.ru,2000,JS
865,Olivier,Woods,owoodso0@studiopress.com,3500,Backend
866,Reeva,Bonallick,rbonallicko1@google.com.au,2000,C#
867,Rosamond,Klesl,rkleslo2@aol.com,3500,C#
868,Nolana,Burgiss,nburgisso3@oaic.gov.au,2500,PYTHON
869,Flemming,Brunotti,fbrunottio4@whitehouse.gov,4500,WEB
870,Adina,Ruppelin,aruppelino5@mail.ru,5000,React
871,Myranda,Van der Veldt,mvanderveldto6@so-net.ne.jp,4000,Frontend
872,Madelin,Barrell,mbarrello7@cargocollective.com,2500,Backend
873,Temp,Covendon,tcovendono8@msu.edu,6000,Backend
874,Michal,Hannigane,mhanniganeo9@upenn.edu,3500,Frontend
875,Merle,O'Farrell,mofarrelloa@huffingtonpost.com,3500,Frontend
876,Clayborne,Siddeley,csiddeleyob@bloomberg.com,4500,Photoshop
877,Christiano,Preddle,cpreddleoc@arstechnica.com,4500,C
878,Emmeline,Stein,esteinod@sina.com.cn,2000,WEB
879,Westleigh,Gatward,wgatwardoe@privacy.gov.au,2500,C
880,Jules,Dewitt,jdewittof@e-recht24.de,5000,C#
881,Keefer,Guynemer,kguynemerog@symantec.com,4000,React
882,Ilise,Gidley,igidleyoh@whitehouse.gov,2500,JS
883,Bondy,Flament,bflamentoi@arstechnica.com,4000,PYTHON
884,Jaclyn,Stiegar,jstiegaroj@ebay.co.uk,4000,HTML
885,Olimpia,Mortlock,omortlockok@washington.edu,3500,PYTHON
886,Guinevere,Figgen,gfiggenol@arstechnica.com,3500,JS
887,Marcello,Rohlfs,mrohlfsom@networksolutions.com,5000,HTML
888,Editha,Swann,eswannon@wikispaces.com,2500,Photoshop
889,Amandy,Swansborough,aswansboroughoo@mozilla.org,4500,Backend
890,Clementius,Falla,cfallaop@over-blog.com,6000,C
891,Sumner,Mathevet,smathevetoq@blogs.com,4500,WEB
892,Elston,Gino,eginoor@scribd.com,3500,Backend
893,Tadd,Bannon,tbannonos@prweb.com,4500,Backend
894,Mona,de Voiels,mdevoielsot@accuweather.com,4000,PYTHON
895,Jodee,Nani,jnaniou@elegantthemes.com,4000,C
896,Flor,Borghese,fborgheseov@irs.gov,2000,Frontend
897,Sharyl,Seleway,sselewayow@tripadvisor.com,4500,HTML
898,Pauly,Yeowell,pyeowellox@purevolume.com,4000,Photoshop
899,Lula,Ferrieri,lferrierioy@chron.com,2500,C
900,Cosette,Johnston,cjohnstonoz@canalblog.com,6000,Backend
901,Jarrad,Mewhirter,jmewhirterp0@uiuc.edu,5000,C
902,Kattie,Leftwich,kleftwichp1@paginegialle.it,2500,Photoshop
903,Ami,Kobierra,akobierrap2@icio.us,2000,C
904,Adham,Fasham,afashamp3@springer.com,2500,PYTHON
905,Sibilla,Juanes,sjuanesp4@topsy.com,3500,C#
906,Goldie,Ferier,gferierp5@si.edu,4000,Backend
907,Conchita,Moloney,cmoloneyp6@harvard.edu,5000,WEB
908,Hollis,Gradley,hgradleyp7@ning.com,4500,Backend
909,Lamar,Brixey,lbrixeyp8@macromedia.com,2500,C
910,Elladine,Giannoni,egiannonip9@so-net.ne.jp,5000,HTML
911,Serene,Ebsworth,sebsworthpa@opensource.org,2000,JS
912,Charin,Bestwick,cbestwickpb@hp.com,2000,PYTHON
913,Debor,Deaconson,ddeaconsonpc@nps.gov,5000,JS
914,Aleen,Claiton,aclaitonpd@tinyurl.com,4000,WEB
915,Garrek,Monday,gmondaype@stanford.edu,4500,Frontend
916,Robbin,Domeney,rdomeneypf@ed.gov,2500,C#
917,Normie,Dono,ndonopg@twitter.com,4500,Frontend
918,Kevin,Oager,koagerph@altervista.org,2500,React
919,Delphine,Alekhov,dalekhovpi@answers.com,3500,C#
920,Stavros,O'Currine,socurrinepj@linkedin.com,4000,HTML
921,Rouvin,Sendall,rsendallpk@netlog.com,4000,PYTHON
922,Kate,Boagey,kboageypl@weebly.com,2500,WEB
923,Taffy,Camell,tcamellpm@shinystat.com,3500,Photoshop
924,Rollins,Ninnis,rninnispn@shutterfly.com,2000,C#
925,Karrah,Manvell,kmanvellpo@google.cn,4000,C
926,Guy,Sercombe,gsercombepp@miibeian.gov.cn,2500,HTML
927,Gussie,Portigall,gportigallpq@usatoday.com,2000,Backend
928,Verne,Hedney,vhedneypr@chron.com,5000,C
929,Vite,Rottery,vrotteryps@hao123.com,4500,PYTHON
930,Elvera,Clausen-Thue,eclausenthuept@yandex.ru,5000,C#
931,Mag,Odd,moddpu@amazon.co.jp,6000,Photoshop
932,Kimmy,Wayt,kwaytpv@house.gov,4500,HTML
933,Sterling,Benezet,sbenezetpw@google.co.jp,2500,Backend
934,Garrot,Basili,gbasilipx@howstuffworks.com,2500,C
935,Lorens,Lownsbrough,llownsbroughpy@google.com,6000,Frontend
936,Scottie,Gregol,sgregolpz@census.gov,5000,C
937,Maud,Mee,mmeeq0@intel.com,2500,WEB
938,Belicia,Foulkes,bfoulkesq1@deliciousdays.com,5000,Frontend
939,Monique,Coggon,mcoggonq2@latimes.com,2000,C
940,Lyndsay,MacTurlough,lmacturloughq3@alibaba.com,6000,Backend
941,Ronald,Andor,randorq4@yahoo.co.jp,2000,Photoshop
942,Layne,Renahan,lrenahanq5@cbc.ca,5000,JS
943,Tailor,Warsop,twarsopq6@japanpost.jp,2000,C#
944,Willy,MacNeil,wmacneilq7@npr.org,6000,C#
945,Guy,Staddon,gstaddonq8@biblegateway.com,3500,Frontend
946,Rafaelia,Dearman,rdearmanq9@ycombinator.com,2500,PYTHON
947,Rubina,Bernhard,rbernhardqa@nba.com,5000,HTML
948,Felita,Scarr,fscarrqb@moonfruit.com,4500,C#
949,Townie,Luckey,tluckeyqc@about.me,4000,C
950,Arabelle,Nunns,anunnsqd@go.com,4000,C#
951,Hayley,Verduin,hverduinqe@instagram.com,4000,JS
952,Patsy,Mardle,pmardleqf@java.com,3500,HTML
953,Lynnett,Bernardes,lbernardesqg@wp.com,4500,WEB
954,Sianna,Booi,sbooiqh@drupal.org,2000,Backend
955,Dora,Nore,dnoreqi@economist.com,6000,C
956,Susanetta,Como,scomoqj@blogger.com,4000,React
957,Colas,Hanscomb,chanscombqk@histats.com,6000,Photoshop
958,Linda,McMeekan,lmcmeekanql@hatena.ne.jp,4500,C
959,Alica,Gritten,agrittenqm@squidoo.com,2500,C
960,Aleen,Sweett,asweettqn@taobao.com,5000,C#
961,Robbyn,Benedite,rbenediteqo@hao123.com,4500,Backend
962,Roger,Venditti,rvendittiqp@php.net,6000,Photoshop
963,Nicolai,Josifovitz,njosifovitzqq@foxnews.com,4500,React
964,Ofelia,Maliffe,omaliffeqr@utexas.edu,3500,JS
965,Kessiah,Burchill,kburchillqs@free.fr,2500,PYTHON
966,Evelina,Lugsdin,elugsdinqt@blinklist.com,4000,PYTHON
967,Silva,Suttie,ssuttiequ@google.com,4000,C
968,Saunder,Charon,scharonqv@redcross.org,4500,WEB
969,Luce,Keelin,lkeelinqw@bing.com,3500,C
970,Muffin,Bellocht,mbellochtqx@paginegialle.it,6000,React
971,Carolann,Surgenor,csurgenorqy@ehow.com,2000,Photoshop
972,Findley,Wittier,fwittierqz@phoca.cz,2500,React
973,Kathe,Depper,kdepperr0@wikimedia.org,4000,Backend
974,Marietta,Goulder,mgoulderr1@uol.com.br,3500,Frontend
975,Jake,Catonnet,jcatonnetr2@jalbum.net,2500,Frontend
976,Blakelee,Lough,bloughr3@reddit.com,4500,C
977,Sileas,Birtley,sbirtleyr4@bandcamp.com,2500,Frontend
978,Thorny,Scading,tscadingr5@purevolume.com,5000,JS
979,Kennie,Chipping,kchippingr6@skyrock.com,4000,JS
980,Agnola,Kornousek,akornousekr7@fastcompany.com,6000,WEB
981,Israel,Beller,ibellerr8@ustream.tv,4000,C
982,Abbi,Malarkey,amalarkeyr9@yandex.ru,5000,Backend
983,Nichole,Rimell,nrimellra@discuz.net,2500,React
984,Susette,Zanardii,szanardiirb@ezinearticles.com,5000,Photoshop
985,Zsa zsa,Tenny,ztennyrc@wikimedia.org,3500,Photoshop
986,Sterling,Tampling,stamplingrd@woothemes.com,5000,Photoshop
987,Caroljean,Outhwaite,couthwaitere@ihg.com,4500,C#
988,Putnam,Pendreigh,ppendreighrf@ibm.com,6000,Photoshop
989,Vale,Boerder,vboerderrg@boston.com,2000,C
990,Theobald,Rodda,troddarh@cargocollective.com,2000,C#
991,Chrotoem,MacNeely,cmacneelyri@soup.io,2500,C
992,Gusta,Pinkstone,gpinkstonerj@1688.com,2000,Photoshop
993,Jandy,Huddles,jhuddlesrk@i2i.jp,4000,Backend
994,Margareta,Ambrosini,mambrosinirl@weebly.com,5000,JS
995,Thomasin,Arrol,tarrolrm@huffingtonpost.com,2500,C
996,Pate,Gallyon,pgallyonrn@addthis.com,2000,React
997,Bari,Loudon,bloudonro@independent.co.uk,3500,HTML
998,Nealson,Lavielle,nlaviellerp@nifty.com,2500,Frontend
999,Coleen,Artingstall,cartingstallrq@bluehost.com,4500,Frontend
1000,Barney,Sealove,bsealoverr@gravatar.com,6000,React
